Starting point,Destination,Number
"Hartford town (Hartford, CT)","Hartford town (Hartford, CT)",14661
"Hartford town (Hartford, CT)","West Hartford town (Hartford, CT)",2981
"Hartford town (Hartford, CT)","East Hartford town (Hartford, CT)",1949
"Hartford town (Hartford, CT)","Bloomfield town (Hartford, CT)",1854
"Hartford town (Hartford, CT)","Farmington town (Hartford, CT)",1680
"Hartford town (Hartford, CT)","Windsor town (Hartford, CT)",1433
"Hartford town (Hartford, CT)","Manchester town (Hartford, CT)",1404
"Hartford town (Hartford, CT)","New Britain town (Hartford, CT)",1104
"Hartford town (Hartford, CT)","Newington town (Hartford, CT)",1024
"Hartford town (Hartford, CT)","Rocky Hill town (Hartford, CT)",778
"Hartford town (Hartford, CT)","Wethersfield town (Hartford, CT)",752
"Hartford town (Hartford, CT)","Windsor Locks town (Hartford, CT)",715
"Hartford town (Hartford, CT)","Glastonbury town (Hartford, CT)",706
"Hartford town (Hartford, CT)","South Windsor town (Hartford, CT)",602
"Hartford town (Hartford, CT)","Middletown town (Middlesex, CT)",481
"Hartford town (Hartford, CT)","New Haven town (New Haven, CT)",416
"Hartford town (Hartford, CT)","East Windsor town (Hartford, CT)",405
"Hartford town (Hartford, CT)","Meriden town (New Haven, CT)",372
"Hartford town (Hartford, CT)","Waterbury town (New Haven, CT)",368
"Hartford town (Hartford, CT)","Berlin town (Hartford, CT)",364
"Hartford town (Hartford, CT)","Simsbury town (Hartford, CT)",346
"Hartford town (Hartford, CT)","Avon town (Hartford, CT)",309
"Hartford town (Hartford, CT)","Stamford town (Fairfield, CT)",296
"Hartford town (Hartford, CT)","Enfield town (Hartford, CT)",292
"Hartford town (Hartford, CT)","Bridgeport town (Fairfield, CT)",267
"Hartford town (Hartford, CT)","Cromwell town (Middlesex, CT)",253
"Hartford town (Hartford, CT)","Bristol town (Hartford, CT)",251
"Hartford town (Hartford, CT)","Danbury town (Fairfield, CT)",243
"Hartford town (Hartford, CT)","Westport town (Fairfield, CT)",238
"Hartford town (Hartford, CT)","Plainville town (Hartford, CT)",225
"Hartford town (Hartford, CT)","Wallingford town (New Haven, CT)",222
"Hartford town (Hartford, CT)","North Haven town (New Haven, CT)",214
"Hartford town (Hartford, CT)","Vernon town (Tolland, CT)",211
"Hartford town (Hartford, CT)","Norwalk town (Fairfield, CT)",193
"Hartford town (Hartford, CT)","Milford town (New Haven, CT)",189
"Hartford town (Hartford, CT)","East Granby town (Hartford, CT)",170
"Hartford town (Hartford, CT)","Shelton town (Fairfield, CT)",160
"Hartford town (Hartford, CT)","Manhattan borough (New York, NY)",158
"Hartford town (Hartford, CT)","Cheshire town (New Haven, CT)",150
"Hartford town (Hartford, CT)","Southington town (Hartford, CT)",142
"Hartford town (Hartford, CT)","Waterford town (New London, CT)",140
"Hartford town (Hartford, CT)","Hamden town (New Haven, CT)",135
"Hartford town (Hartford, CT)","Mansfield town (Tolland, CT)",135
"Hartford town (Hartford, CT)","Stratford town (Fairfield, CT)",130
"Hartford town (Hartford, CT)","Suffield town (Hartford, CT)",126
"Hartford town (Hartford, CT)","Trumbull town (Fairfield, CT)",115
"Hartford town (Hartford, CT)","Fairfield town (Fairfield, CT)",109
"Hartford town (Hartford, CT)","Orange town (New Haven, CT)",107
"Hartford town (Hartford, CT)","Greenwich town (Fairfield, CT)",98
"Hartford town (Hartford, CT)","Torrington town (Litchfield, CT)",97
"Hartford town (Hartford, CT)",All Other Locations,3000
"Avon town (Hartford, CT)","Hartford town (Hartford, CT)",1435
"Avon town (Hartford, CT)","Farmington town (Hartford, CT)",874
"Avon town (Hartford, CT)","Avon town (Hartford, CT)",738
"Avon town (Hartford, CT)","Simsbury town (Hartford, CT)",403
"Avon town (Hartford, CT)","West Hartford town (Hartford, CT)",402
"Avon town (Hartford, CT)","Bloomfield town (Hartford, CT)",288
"Avon town (Hartford, CT)","Bristol town (Hartford, CT)",287
"Avon town (Hartford, CT)","New Britain town (Hartford, CT)",282
"Avon town (Hartford, CT)","Windsor town (Hartford, CT)",243
"Avon town (Hartford, CT)","Canton town (Hartford, CT)",175
"Avon town (Hartford, CT)","East Hartford town (Hartford, CT)",150
"Avon town (Hartford, CT)","Plainville town (Hartford, CT)",114
"Avon town (Hartford, CT)","Newington town (Hartford, CT)",110
"Avon town (Hartford, CT)","Glastonbury town (Hartford, CT)",102
"Avon town (Hartford, CT)","Manchester town (Hartford, CT)",101
"Avon town (Hartford, CT)","Middletown town (Middlesex, CT)",91
"Avon town (Hartford, CT)","Berlin town (Hartford, CT)",88
"Avon town (Hartford, CT)","Rocky Hill town (Hartford, CT)",88
"Avon town (Hartford, CT)","Southington town (Hartford, CT)",74
"Avon town (Hartford, CT)","Torrington town (Litchfield, CT)",73
"Avon town (Hartford, CT)","Meriden town (New Haven, CT)",73
"Avon town (Hartford, CT)","New Haven town (New Haven, CT)",72
"Avon town (Hartford, CT)","Enfield town (Hartford, CT)",67
"Avon town (Hartford, CT)","Waterbury town (New Haven, CT)",65
"Avon town (Hartford, CT)","South Windsor town (Hartford, CT)",60
"Avon town (Hartford, CT)","Mansfield town (Tolland, CT)",55
"Avon town (Hartford, CT)","Danbury town (Fairfield, CT)",45
"Avon town (Hartford, CT)","Granby town (Hartford, CT)",39
"Avon town (Hartford, CT)","Wallingford town (New Haven, CT)",39
"Avon town (Hartford, CT)","Windsor Locks town (Hartford, CT)",38
"Avon town (Hartford, CT)","Cheshire town (New Haven, CT)",34
"Avon town (Hartford, CT)","Shelton town (Fairfield, CT)",32
"Avon town (Hartford, CT)","Vernon town (Tolland, CT)",29
"Avon town (Hartford, CT)","Trumbull town (Fairfield, CT)",28
"Avon town (Hartford, CT)","New Hartford town (Litchfield, CT)",28
"Avon town (Hartford, CT)","Hamden town (New Haven, CT)",28
"Avon town (Hartford, CT)","Burlington town (Hartford, CT)",25
"Avon town (Hartford, CT)","Cromwell town (Middlesex, CT)",25
"Avon town (Hartford, CT)","North Haven town (New Haven, CT)",25
"Avon town (Hartford, CT)","Milford town (New Haven, CT)",23
"Avon town (Hartford, CT)","East Granby town (Hartford, CT)",20
"Avon town (Hartford, CT)","Orange town (New Haven, CT)",19
"Avon town (Hartford, CT)","East Windsor town (Hartford, CT)",17
"Avon town (Hartford, CT)","Wethersfield town (Hartford, CT)",17
"Avon town (Hartford, CT)","Ellington town (Tolland, CT)",17
"Avon town (Hartford, CT)","New London town (New London, CT)",15
"Avon town (Hartford, CT)","Waterford town (New London, CT)",15
"Avon town (Hartford, CT)","Suffield town (Hartford, CT)",14
"Avon town (Hartford, CT)","Watertown town (Litchfield, CT)",13
"Avon town (Hartford, CT)","Winchester town (Litchfield, CT)",13
"Avon town (Hartford, CT)",All Other Locations,296
"Canton town (Hartford, CT)","Hartford town (Hartford, CT)",667
"Canton town (Hartford, CT)","Canton town (Hartford, CT)",504
"Canton town (Hartford, CT)","Farmington town (Hartford, CT)",430
"Canton town (Hartford, CT)","Simsbury town (Hartford, CT)",322
"Canton town (Hartford, CT)","Avon town (Hartford, CT)",313
"Canton town (Hartford, CT)","West Hartford town (Hartford, CT)",221
"Canton town (Hartford, CT)","Bloomfield town (Hartford, CT)",197
"Canton town (Hartford, CT)","Bristol town (Hartford, CT)",155
"Canton town (Hartford, CT)","Windsor town (Hartford, CT)",138
"Canton town (Hartford, CT)","New Britain town (Hartford, CT)",116
"Canton town (Hartford, CT)","Torrington town (Litchfield, CT)",111
"Canton town (Hartford, CT)","New Hartford town (Litchfield, CT)",93
"Canton town (Hartford, CT)","East Hartford town (Hartford, CT)",74
"Canton town (Hartford, CT)","Glastonbury town (Hartford, CT)",67
"Canton town (Hartford, CT)","Plainville town (Hartford, CT)",65
"Canton town (Hartford, CT)","Winchester town (Litchfield, CT)",63
"Canton town (Hartford, CT)","Southington town (Hartford, CT)",52
"Canton town (Hartford, CT)","Manchester town (Hartford, CT)",51
"Canton town (Hartford, CT)","Newington town (Hartford, CT)",42
"Canton town (Hartford, CT)","Enfield town (Hartford, CT)",39
"Canton town (Hartford, CT)","Waterbury town (New Haven, CT)",38
"Canton town (Hartford, CT)","Meriden town (New Haven, CT)",36
"Canton town (Hartford, CT)","Danbury town (Fairfield, CT)",34
"Canton town (Hartford, CT)","Middletown town (Middlesex, CT)",34
"Canton town (Hartford, CT)","New Haven town (New Haven, CT)",34
"Canton town (Hartford, CT)","East Granby town (Hartford, CT)",31
"Canton town (Hartford, CT)","Wethersfield town (Hartford, CT)",30
"Canton town (Hartford, CT)","Burlington town (Hartford, CT)",29
"Canton town (Hartford, CT)","Rocky Hill town (Hartford, CT)",29
"Canton town (Hartford, CT)","Granby town (Hartford, CT)",26
"Canton town (Hartford, CT)","Mansfield town (Tolland, CT)",26
"Canton town (Hartford, CT)","Berlin town (Hartford, CT)",25
"Canton town (Hartford, CT)","Windsor Locks town (Hartford, CT)",25
"Canton town (Hartford, CT)","Cheshire town (New Haven, CT)",22
"Canton town (Hartford, CT)","East Windsor town (Hartford, CT)",21
"Canton town (Hartford, CT)","South Windsor town (Hartford, CT)",20
"Canton town (Hartford, CT)","Wallingford town (New Haven, CT)",20
"Canton town (Hartford, CT)","Hamden town (New Haven, CT)",18
"Canton town (Hartford, CT)","North Haven town (New Haven, CT)",16
"Canton town (Hartford, CT)","Milford town (New Haven, CT)",14
"Canton town (Hartford, CT)","Trumbull town (Fairfield, CT)",13
"Canton town (Hartford, CT)","Stamford town (Fairfield, CT)",11
"Canton town (Hartford, CT)","Vernon town (Tolland, CT)",11
"Canton town (Hartford, CT)","Shelton town (Fairfield, CT)",10
"Canton town (Hartford, CT)","Barkhamsted town (Litchfield, CT)",10
"Canton town (Hartford, CT)","Watertown town (Litchfield, CT)",10
"Canton town (Hartford, CT)","West Haven town (New Haven, CT)",10
"Canton town (Hartford, CT)","Thomaston town (Litchfield, CT)",9
"Canton town (Hartford, CT)","Portland town (Middlesex, CT)",9
"Canton town (Hartford, CT)","Ellington town (Tolland, CT)",9
"Canton town (Hartford, CT)",All Other Locations,266
"Andover town (Tolland, CT)","Hartford town (Hartford, CT)",252
"Andover town (Tolland, CT)","Manchester town (Hartford, CT)",215
"Andover town (Tolland, CT)","East Hartford town (Hartford, CT)",98
"Andover town (Tolland, CT)","Andover town (Tolland, CT)",75
"Andover town (Tolland, CT)","Hebron town (Tolland, CT)",75
"Andover town (Tolland, CT)","Mansfield town (Tolland, CT)",72
"Andover town (Tolland, CT)","Glastonbury town (Hartford, CT)",65
"Andover town (Tolland, CT)","Windham town (Windham, CT)",65
"Andover town (Tolland, CT)","South Windsor town (Hartford, CT)",48
"Andover town (Tolland, CT)","Bolton town (Tolland, CT)",41
"Andover town (Tolland, CT)","Farmington town (Hartford, CT)",39
"Andover town (Tolland, CT)","West Hartford town (Hartford, CT)",34
"Andover town (Tolland, CT)","Bloomfield town (Hartford, CT)",31
"Andover town (Tolland, CT)","Newington town (Hartford, CT)",31
"Andover town (Tolland, CT)","Rocky Hill town (Hartford, CT)",30
"Andover town (Tolland, CT)","Windsor town (Hartford, CT)",29
"Andover town (Tolland, CT)","Vernon town (Tolland, CT)",27
"Andover town (Tolland, CT)","Tolland town (Tolland, CT)",26
"Andover town (Tolland, CT)","Enfield town (Hartford, CT)",25
"Andover town (Tolland, CT)","Stamford town (Fairfield, CT)",23
"Andover town (Tolland, CT)","Norwich town (New London, CT)",23
"Andover town (Tolland, CT)","Danbury town (Fairfield, CT)",21
"Andover town (Tolland, CT)","Columbia town (Tolland, CT)",21
"Andover town (Tolland, CT)","Coventry town (Tolland, CT)",21
"Andover town (Tolland, CT)","New Britain town (Hartford, CT)",19
"Andover town (Tolland, CT)","Lebanon town (New London, CT)",19
"Andover town (Tolland, CT)","Manhattan borough (New York, NY)",19
"Andover town (Tolland, CT)","Middletown town (Middlesex, CT)",18
"Andover town (Tolland, CT)","Norwalk town (Fairfield, CT)",16
"Andover town (Tolland, CT)","Wethersfield town (Hartford, CT)",15
"Andover town (Tolland, CT)","Colchester town (New London, CT)",15
"Andover town (Tolland, CT)","Killingly town (Windham, CT)",15
"Andover town (Tolland, CT)","Marlborough town (Hartford, CT)",14
"Andover town (Tolland, CT)","Putnam town (Windham, CT)",13
"Andover town (Tolland, CT)","Berlin town (Hartford, CT)",12
"Andover town (Tolland, CT)","Windsor Locks town (Hartford, CT)",12
"Andover town (Tolland, CT)","Fairfield town (Fairfield, CT)",11
"Andover town (Tolland, CT)","Bridgeport town (Fairfield, CT)",10
"Andover town (Tolland, CT)","Simsbury town (Hartford, CT)",10
"Andover town (Tolland, CT)","Bristol town (Hartford, CT)",9
"Andover town (Tolland, CT)","Trumbull town (Fairfield, CT)",8
"Andover town (Tolland, CT)","Avon town (Hartford, CT)",8
"Andover town (Tolland, CT)","Cromwell town (Middlesex, CT)",8
"Andover town (Tolland, CT)","Milford town (New Haven, CT)",8
"Andover town (Tolland, CT)","Stratford town (Fairfield, CT)",7
"Andover town (Tolland, CT)","Meriden town (New Haven, CT)",7
"Andover town (Tolland, CT)","Ellington town (Tolland, CT)",7
"Andover town (Tolland, CT)","Greenwich town (Fairfield, CT)",6
"Andover town (Tolland, CT)","East Haddam town (Middlesex, CT)",6
"Andover town (Tolland, CT)","Portland town (Middlesex, CT)",6
"Andover town (Tolland, CT)",All Other Locations,227
"Bloomfield town (Hartford, CT)","Hartford town (Hartford, CT)",2752
"Bloomfield town (Hartford, CT)","Bloomfield town (Hartford, CT)",1117
"Bloomfield town (Hartford, CT)","West Hartford town (Hartford, CT)",828
"Bloomfield town (Hartford, CT)","Windsor town (Hartford, CT)",511
"Bloomfield town (Hartford, CT)","East Hartford town (Hartford, CT)",490
"Bloomfield town (Hartford, CT)","Farmington town (Hartford, CT)",408
"Bloomfield town (Hartford, CT)","Manchester town (Hartford, CT)",304
"Bloomfield town (Hartford, CT)","New Britain town (Hartford, CT)",195
"Bloomfield town (Hartford, CT)","Simsbury town (Hartford, CT)",190
"Bloomfield town (Hartford, CT)","East Windsor town (Hartford, CT)",146
"Bloomfield town (Hartford, CT)","Newington town (Hartford, CT)",143
"Bloomfield town (Hartford, CT)","Windsor Locks town (Hartford, CT)",134
"Bloomfield town (Hartford, CT)","Middletown town (Middlesex, CT)",134
"Bloomfield town (Hartford, CT)","Rocky Hill town (Hartford, CT)",131
"Bloomfield town (Hartford, CT)","Glastonbury town (Hartford, CT)",129
"Bloomfield town (Hartford, CT)","Enfield town (Hartford, CT)",126
"Bloomfield town (Hartford, CT)","Wethersfield town (Hartford, CT)",126
"Bloomfield town (Hartford, CT)","Avon town (Hartford, CT)",114
"Bloomfield town (Hartford, CT)","New Haven town (New Haven, CT)",109
"Bloomfield town (Hartford, CT)","South Windsor town (Hartford, CT)",106
"Bloomfield town (Hartford, CT)","Stamford town (Fairfield, CT)",101
"Bloomfield town (Hartford, CT)","Norwalk town (Fairfield, CT)",86
"Bloomfield town (Hartford, CT)","Bristol town (Hartford, CT)",85
"Bloomfield town (Hartford, CT)","Berlin town (Hartford, CT)",83
"Bloomfield town (Hartford, CT)","Waterbury town (New Haven, CT)",82
"Bloomfield town (Hartford, CT)","Manhattan borough (New York, NY)",76
"Bloomfield town (Hartford, CT)","East Granby town (Hartford, CT)",75
"Bloomfield town (Hartford, CT)","Bridgeport town (Fairfield, CT)",70
"Bloomfield town (Hartford, CT)","Meriden town (New Haven, CT)",70
"Bloomfield town (Hartford, CT)","Vernon town (Tolland, CT)",60
"Bloomfield town (Hartford, CT)","Cromwell town (Middlesex, CT)",55
"Bloomfield town (Hartford, CT)","Cheshire town (New Haven, CT)",52
"Bloomfield town (Hartford, CT)","Plainville town (Hartford, CT)",50
"Bloomfield town (Hartford, CT)","Stratford town (Fairfield, CT)",47
"Bloomfield town (Hartford, CT)","Southington town (Hartford, CT)",46
"Bloomfield town (Hartford, CT)","Mansfield town (Tolland, CT)",46
"Bloomfield town (Hartford, CT)","Fairfield town (Fairfield, CT)",44
"Bloomfield town (Hartford, CT)","Torrington town (Litchfield, CT)",44
"Bloomfield town (Hartford, CT)","Wallingford town (New Haven, CT)",42
"Bloomfield town (Hartford, CT)","Granby town (Hartford, CT)",40
"Bloomfield town (Hartford, CT)","Danbury town (Fairfield, CT)",39
"Bloomfield town (Hartford, CT)","Greenwich town (Fairfield, CT)",39
"Bloomfield town (Hartford, CT)","Westport town (Fairfield, CT)",35
"Bloomfield town (Hartford, CT)","Hamden town (New Haven, CT)",35
"Bloomfield town (Hartford, CT)","Suffield town (Hartford, CT)",32
"Bloomfield town (Hartford, CT)","North Haven town (New Haven, CT)",31
"Bloomfield town (Hartford, CT)","Shelton town (Fairfield, CT)",30
"Bloomfield town (Hartford, CT)","Trumbull town (Fairfield, CT)",25
"Bloomfield town (Hartford, CT)","Milford town (New Haven, CT)",25
"Bloomfield town (Hartford, CT)","Waterford town (New London, CT)",22
"Bloomfield town (Hartford, CT)",All Other Locations,845
"Bolton town (Tolland, CT)","Hartford town (Hartford, CT)",425
"Bolton town (Tolland, CT)","Manchester town (Hartford, CT)",370
"Bolton town (Tolland, CT)","East Hartford town (Hartford, CT)",193
"Bolton town (Tolland, CT)","Bolton town (Tolland, CT)",188
"Bolton town (Tolland, CT)","Glastonbury town (Hartford, CT)",106
"Bolton town (Tolland, CT)","Vernon town (Tolland, CT)",95
"Bolton town (Tolland, CT)","South Windsor town (Hartford, CT)",73
"Bolton town (Tolland, CT)","Bloomfield town (Hartford, CT)",60
"Bolton town (Tolland, CT)","Farmington town (Hartford, CT)",60
"Bolton town (Tolland, CT)","Windsor town (Hartford, CT)",55
"Bolton town (Tolland, CT)","West Hartford town (Hartford, CT)",53
"Bolton town (Tolland, CT)","Newington town (Hartford, CT)",47
"Bolton town (Tolland, CT)","Windham town (Windham, CT)",43
"Bolton town (Tolland, CT)","Middletown town (Middlesex, CT)",40
"Bolton town (Tolland, CT)","Mansfield town (Tolland, CT)",39
"Bolton town (Tolland, CT)","Stamford town (Fairfield, CT)",35
"Bolton town (Tolland, CT)","Tolland town (Tolland, CT)",34
"Bolton town (Tolland, CT)","Rocky Hill town (Hartford, CT)",29
"Bolton town (Tolland, CT)","Enfield town (Hartford, CT)",27
"Bolton town (Tolland, CT)","Danbury town (Fairfield, CT)",26
"Bolton town (Tolland, CT)","Manhattan borough (New York, NY)",25
"Bolton town (Tolland, CT)","Norwalk town (Fairfield, CT)",24
"Bolton town (Tolland, CT)","New Britain town (Hartford, CT)",23
"Bolton town (Tolland, CT)","East Windsor town (Hartford, CT)",22
"Bolton town (Tolland, CT)","Ellington town (Tolland, CT)",21
"Bolton town (Tolland, CT)","Wethersfield town (Hartford, CT)",20
"Bolton town (Tolland, CT)","Hebron town (Tolland, CT)",20
"Bolton town (Tolland, CT)","Bridgeport town (Fairfield, CT)",19
"Bolton town (Tolland, CT)","Trumbull town (Fairfield, CT)",17
"Bolton town (Tolland, CT)","Simsbury town (Hartford, CT)",16
"Bolton town (Tolland, CT)","Coventry town (Tolland, CT)",14
"Bolton town (Tolland, CT)","Avon town (Hartford, CT)",13
"Bolton town (Tolland, CT)","Wallingford town (New Haven, CT)",13
"Bolton town (Tolland, CT)","Berlin town (Hartford, CT)",12
"Bolton town (Tolland, CT)","Windsor Locks town (Hartford, CT)",12
"Bolton town (Tolland, CT)","Milford town (New Haven, CT)",12
"Bolton town (Tolland, CT)","Willington town (Tolland, CT)",12
"Bolton town (Tolland, CT)","East Granby town (Hartford, CT)",11
"Bolton town (Tolland, CT)","Norwich town (New London, CT)",11
"Bolton town (Tolland, CT)","Westport town (Fairfield, CT)",10
"Bolton town (Tolland, CT)","Bristol town (Hartford, CT)",10
"Bolton town (Tolland, CT)","Meriden town (New Haven, CT)",10
"Bolton town (Tolland, CT)","New Haven town (New Haven, CT)",10
"Bolton town (Tolland, CT)","Stratford town (Fairfield, CT)",9
"Bolton town (Tolland, CT)","Plainville town (Hartford, CT)",9
"Bolton town (Tolland, CT)","Colchester town (New London, CT)",9
"Bolton town (Tolland, CT)","Andover town (Tolland, CT)",9
"Bolton town (Tolland, CT)","Suffield town (Hartford, CT)",8
"Bolton town (Tolland, CT)","Cromwell town (Middlesex, CT)",8
"Bolton town (Tolland, CT)","Somers town (Tolland, CT)",8
"Bolton town (Tolland, CT)",All Other Locations,311
"East Granby town (Hartford, CT)","Hartford town (Hartford, CT)",406
"East Granby town (Hartford, CT)","Windsor town (Hartford, CT)",212
"East Granby town (Hartford, CT)","East Granby town (Hartford, CT)",207
"East Granby town (Hartford, CT)","Bloomfield town (Hartford, CT)",193
"East Granby town (Hartford, CT)","Simsbury town (Hartford, CT)",187
"East Granby town (Hartford, CT)","West Hartford town (Hartford, CT)",112
"East Granby town (Hartford, CT)","Farmington town (Hartford, CT)",105
"East Granby town (Hartford, CT)","Enfield town (Hartford, CT)",95
"East Granby town (Hartford, CT)","East Hartford town (Hartford, CT)",71
"East Granby town (Hartford, CT)","Granby town (Hartford, CT)",70
"East Granby town (Hartford, CT)","Windsor Locks town (Hartford, CT)",67
"East Granby town (Hartford, CT)","Manchester town (Hartford, CT)",56
"East Granby town (Hartford, CT)","Avon town (Hartford, CT)",49
"East Granby town (Hartford, CT)","Glastonbury town (Hartford, CT)",43
"East Granby town (Hartford, CT)","Stamford town (Fairfield, CT)",39
"East Granby town (Hartford, CT)","East Windsor town (Hartford, CT)",39
"East Granby town (Hartford, CT)","Manhattan borough (New York, NY)",38
"East Granby town (Hartford, CT)","Suffield town (Hartford, CT)",36
"East Granby town (Hartford, CT)","Norwalk town (Fairfield, CT)",32
"East Granby town (Hartford, CT)","Rocky Hill town (Hartford, CT)",31
"East Granby town (Hartford, CT)","South Windsor town (Hartford, CT)",30
"East Granby town (Hartford, CT)","Bridgeport town (Fairfield, CT)",23
"East Granby town (Hartford, CT)","New Britain town (Hartford, CT)",23
"East Granby town (Hartford, CT)","Vernon town (Tolland, CT)",23
"East Granby town (Hartford, CT)","Newington town (Hartford, CT)",20
"East Granby town (Hartford, CT)","Wethersfield town (Hartford, CT)",20
"East Granby town (Hartford, CT)","Plainville town (Hartford, CT)",17
"East Granby town (Hartford, CT)","Berlin town (Hartford, CT)",15
"East Granby town (Hartford, CT)","Bristol town (Hartford, CT)",15
"East Granby town (Hartford, CT)","Middletown town (Middlesex, CT)",15
"East Granby town (Hartford, CT)","New Haven town (New Haven, CT)",15
"East Granby town (Hartford, CT)","Greenwich town (Fairfield, CT)",13
"East Granby town (Hartford, CT)","Westport town (Fairfield, CT)",13
"East Granby town (Hartford, CT)","Meriden town (New Haven, CT)",13
"East Granby town (Hartford, CT)","Wallingford town (New Haven, CT)",13
"East Granby town (Hartford, CT)","Milford town (New Haven, CT)",12
"East Granby town (Hartford, CT)","Waterbury town (New Haven, CT)",12
"East Granby town (Hartford, CT)","Stratford town (Fairfield, CT)",11
"East Granby town (Hartford, CT)","Shelton town (Fairfield, CT)",9
"East Granby town (Hartford, CT)","Cheshire town (New Haven, CT)",9
"East Granby town (Hartford, CT)","Ellington town (Tolland, CT)",9
"East Granby town (Hartford, CT)","Fairfield town (Fairfield, CT)",8
"East Granby town (Hartford, CT)","Canton town (Hartford, CT)",8
"East Granby town (Hartford, CT)","Danbury town (Fairfield, CT)",7
"East Granby town (Hartford, CT)","Winchester town (Litchfield, CT)",7
"East Granby town (Hartford, CT)","Hamden town (New Haven, CT)",7
"East Granby town (Hartford, CT)","North Haven town (New Haven, CT)",7
"East Granby town (Hartford, CT)","Orange town (New Haven, CT)",7
"East Granby town (Hartford, CT)","Ridgefield town (Fairfield, CT)",6
"East Granby town (Hartford, CT)","Trumbull town (Fairfield, CT)",6
"East Granby town (Hartford, CT)",All Other Locations,257
"East Hartford town (Hartford, CT)","Hartford town (Hartford, CT)",5174
"East Hartford town (Hartford, CT)","East Hartford town (Hartford, CT)",3216
"East Hartford town (Hartford, CT)","Manchester town (Hartford, CT)",1849
"East Hartford town (Hartford, CT)","Glastonbury town (Hartford, CT)",987
"East Hartford town (Hartford, CT)","West Hartford town (Hartford, CT)",934
"East Hartford town (Hartford, CT)","South Windsor town (Hartford, CT)",798
"East Hartford town (Hartford, CT)","Windsor town (Hartford, CT)",785
"East Hartford town (Hartford, CT)","Farmington town (Hartford, CT)",765
"East Hartford town (Hartford, CT)","Bloomfield town (Hartford, CT)",728
"East Hartford town (Hartford, CT)","Newington town (Hartford, CT)",511
"East Hartford town (Hartford, CT)","Rocky Hill town (Hartford, CT)",468
"East Hartford town (Hartford, CT)","Vernon town (Tolland, CT)",416
"East Hartford town (Hartford, CT)","Wethersfield town (Hartford, CT)",398
"East Hartford town (Hartford, CT)","New Britain town (Hartford, CT)",358
"East Hartford town (Hartford, CT)","Middletown town (Middlesex, CT)",351
"East Hartford town (Hartford, CT)","Westport town (Fairfield, CT)",349
"East Hartford town (Hartford, CT)","Stamford town (Fairfield, CT)",346
"East Hartford town (Hartford, CT)","East Windsor town (Hartford, CT)",286
"East Hartford town (Hartford, CT)","Enfield town (Hartford, CT)",277
"East Hartford town (Hartford, CT)","Windsor Locks town (Hartford, CT)",246
"East Hartford town (Hartford, CT)","Bridgeport town (Fairfield, CT)",227
"East Hartford town (Hartford, CT)","Meriden town (New Haven, CT)",216
"East Hartford town (Hartford, CT)","Danbury town (Fairfield, CT)",211
"East Hartford town (Hartford, CT)","New Haven town (New Haven, CT)",199
"East Hartford town (Hartford, CT)","Berlin town (Hartford, CT)",196
"East Hartford town (Hartford, CT)","Mansfield town (Tolland, CT)",188
"East Hartford town (Hartford, CT)","Manhattan borough (New York, NY)",184
"East Hartford town (Hartford, CT)","Simsbury town (Hartford, CT)",178
"East Hartford town (Hartford, CT)","Waterbury town (New Haven, CT)",178
"East Hartford town (Hartford, CT)","Norwalk town (Fairfield, CT)",167
"East Hartford town (Hartford, CT)","Wallingford town (New Haven, CT)",157
"East Hartford town (Hartford, CT)","Bristol town (Hartford, CT)",152
"East Hartford town (Hartford, CT)","Milford town (New Haven, CT)",146
"East Hartford town (Hartford, CT)","Avon town (Hartford, CT)",138
"East Hartford town (Hartford, CT)","Cromwell town (Middlesex, CT)",138
"East Hartford town (Hartford, CT)","Fairfield town (Fairfield, CT)",118
"East Hartford town (Hartford, CT)","Windham town (Windham, CT)",117
"East Hartford town (Hartford, CT)","Tolland town (Tolland, CT)",114
"East Hartford town (Hartford, CT)","Stratford town (Fairfield, CT)",112
"East Hartford town (Hartford, CT)","Southington town (Hartford, CT)",105
"East Hartford town (Hartford, CT)","East Granby town (Hartford, CT)",93
"East Hartford town (Hartford, CT)","Plainville town (Hartford, CT)",91
"East Hartford town (Hartford, CT)","Trumbull town (Fairfield, CT)",90
"East Hartford town (Hartford, CT)","Greenwich town (Fairfield, CT)",89
"East Hartford town (Hartford, CT)","Norwich town (New London, CT)",80
"East Hartford town (Hartford, CT)","North Haven town (New Haven, CT)",78
"East Hartford town (Hartford, CT)","Waterford town (New London, CT)",78
"East Hartford town (Hartford, CT)","Cheshire town (New Haven, CT)",76
"East Hartford town (Hartford, CT)","Torrington town (Litchfield, CT)",71
"East Hartford town (Hartford, CT)","Shelton town (Fairfield, CT)",69
"East Hartford town (Hartford, CT)",All Other Locations,2489
"East Windsor town (Hartford, CT)","Hartford town (Hartford, CT)",737
"East Windsor town (Hartford, CT)","East Windsor town (Hartford, CT)",614
"East Windsor town (Hartford, CT)","Enfield town (Hartford, CT)",390
"East Windsor town (Hartford, CT)","Windsor town (Hartford, CT)",382
"East Windsor town (Hartford, CT)","South Windsor town (Hartford, CT)",299
"East Windsor town (Hartford, CT)","East Hartford town (Hartford, CT)",289
"East Windsor town (Hartford, CT)","Manchester town (Hartford, CT)",286
"East Windsor town (Hartford, CT)","Windsor Locks town (Hartford, CT)",203
"East Windsor town (Hartford, CT)","Bloomfield town (Hartford, CT)",157
"East Windsor town (Hartford, CT)","Farmington town (Hartford, CT)",129
"East Windsor town (Hartford, CT)","West Hartford town (Hartford, CT)",120
"East Windsor town (Hartford, CT)","Vernon town (Tolland, CT)",114
"East Windsor town (Hartford, CT)","Glastonbury town (Hartford, CT)",90
"East Windsor town (Hartford, CT)","Newington town (Hartford, CT)",61
"East Windsor town (Hartford, CT)","East Granby town (Hartford, CT)",60
"East Windsor town (Hartford, CT)","Simsbury town (Hartford, CT)",58
"East Windsor town (Hartford, CT)","Middletown town (Middlesex, CT)",55
"East Windsor town (Hartford, CT)","Ellington town (Tolland, CT)",54
"East Windsor town (Hartford, CT)","Rocky Hill town (Hartford, CT)",50
"East Windsor town (Hartford, CT)","Suffield town (Hartford, CT)",49
"East Windsor town (Hartford, CT)","Berlin town (Hartford, CT)",45
"East Windsor town (Hartford, CT)","New Britain town (Hartford, CT)",45
"East Windsor town (Hartford, CT)","Wethersfield town (Hartford, CT)",37
"East Windsor town (Hartford, CT)","Meriden town (New Haven, CT)",36
"East Windsor town (Hartford, CT)","Somers town (Tolland, CT)",36
"East Windsor town (Hartford, CT)","Tolland town (Tolland, CT)",34
"East Windsor town (Hartford, CT)","Waterbury town (New Haven, CT)",33
"East Windsor town (Hartford, CT)","Avon town (Hartford, CT)",32
"East Windsor town (Hartford, CT)","Stafford town (Tolland, CT)",32
"East Windsor town (Hartford, CT)","Bristol town (Hartford, CT)",30
"East Windsor town (Hartford, CT)","Wallingford town (New Haven, CT)",29
"East Windsor town (Hartford, CT)","Danbury town (Fairfield, CT)",28
"East Windsor town (Hartford, CT)","Mansfield town (Tolland, CT)",27
"East Windsor town (Hartford, CT)","Cromwell town (Middlesex, CT)",26
"East Windsor town (Hartford, CT)","New Haven town (New Haven, CT)",26
"East Windsor town (Hartford, CT)","Granby town (Hartford, CT)",25
"East Windsor town (Hartford, CT)","Plainville town (Hartford, CT)",22
"East Windsor town (Hartford, CT)","Southington town (Hartford, CT)",19
"East Windsor town (Hartford, CT)","Shelton town (Fairfield, CT)",17
"East Windsor town (Hartford, CT)","Torrington town (Litchfield, CT)",16
"East Windsor town (Hartford, CT)","North Haven town (New Haven, CT)",16
"East Windsor town (Hartford, CT)","Orange town (New Haven, CT)",15
"East Windsor town (Hartford, CT)","New London town (New London, CT)",15
"East Windsor town (Hartford, CT)","Bolton town (Tolland, CT)",15
"East Windsor town (Hartford, CT)","Waterford town (New London, CT)",14
"East Windsor town (Hartford, CT)","Hamden town (New Haven, CT)",12
"East Windsor town (Hartford, CT)","Milford town (New Haven, CT)",12
"East Windsor town (Hartford, CT)","Columbia town (Tolland, CT)",12
"East Windsor town (Hartford, CT)","Trumbull town (Fairfield, CT)",11
"East Windsor town (Hartford, CT)","New Hartford town (Litchfield, CT)",10
"East Windsor town (Hartford, CT)",All Other Locations,206
"Ellington town (Tolland, CT)","Hartford town (Hartford, CT)",1054
"Ellington town (Tolland, CT)","Ellington town (Tolland, CT)",816
"Ellington town (Tolland, CT)","Manchester town (Hartford, CT)",584
"Ellington town (Tolland, CT)","Vernon town (Tolland, CT)",550
"Ellington town (Tolland, CT)","East Hartford town (Hartford, CT)",440
"Ellington town (Tolland, CT)","South Windsor town (Hartford, CT)",405
"Ellington town (Tolland, CT)","Windsor town (Hartford, CT)",356
"Ellington town (Tolland, CT)","Enfield town (Hartford, CT)",321
"Ellington town (Tolland, CT)","East Windsor town (Hartford, CT)",201
"Ellington town (Tolland, CT)","Tolland town (Tolland, CT)",195
"Ellington town (Tolland, CT)","Farmington town (Hartford, CT)",175
"Ellington town (Tolland, CT)","Bloomfield town (Hartford, CT)",165
"Ellington town (Tolland, CT)","Windsor Locks town (Hartford, CT)",164
"Ellington town (Tolland, CT)","Glastonbury town (Hartford, CT)",154
"Ellington town (Tolland, CT)","Mansfield town (Tolland, CT)",142
"Ellington town (Tolland, CT)","West Hartford town (Hartford, CT)",139
"Ellington town (Tolland, CT)","Stafford town (Tolland, CT)",139
"Ellington town (Tolland, CT)","Somers town (Tolland, CT)",85
"Ellington town (Tolland, CT)","Middletown town (Middlesex, CT)",76
"Ellington town (Tolland, CT)","Rocky Hill town (Hartford, CT)",67
"Ellington town (Tolland, CT)","Newington town (Hartford, CT)",66
"Ellington town (Tolland, CT)","Wethersfield town (Hartford, CT)",63
"Ellington town (Tolland, CT)","Simsbury town (Hartford, CT)",61
"Ellington town (Tolland, CT)","New Britain town (Hartford, CT)",58
"Ellington town (Tolland, CT)","Bolton town (Tolland, CT)",43
"Ellington town (Tolland, CT)","Windham town (Windham, CT)",41
"Ellington town (Tolland, CT)","Avon town (Hartford, CT)",40
"Ellington town (Tolland, CT)","Meriden town (New Haven, CT)",39
"Ellington town (Tolland, CT)","Berlin town (Hartford, CT)",36
"Ellington town (Tolland, CT)","East Granby town (Hartford, CT)",36
"Ellington town (Tolland, CT)","New Haven town (New Haven, CT)",36
"Ellington town (Tolland, CT)","Willington town (Tolland, CT)",32
"Ellington town (Tolland, CT)","Cromwell town (Middlesex, CT)",31
"Ellington town (Tolland, CT)","Suffield town (Hartford, CT)",30
"Ellington town (Tolland, CT)","Norwich town (New London, CT)",30
"Ellington town (Tolland, CT)","North Haven town (New Haven, CT)",29
"Ellington town (Tolland, CT)","Bristol town (Hartford, CT)",28
"Ellington town (Tolland, CT)","Wallingford town (New Haven, CT)",28
"Ellington town (Tolland, CT)","Waterbury town (New Haven, CT)",27
"Ellington town (Tolland, CT)","Cheshire town (New Haven, CT)",25
"Ellington town (Tolland, CT)","Milford town (New Haven, CT)",24
"Ellington town (Tolland, CT)","Southington town (Hartford, CT)",22
"Ellington town (Tolland, CT)","Coventry town (Tolland, CT)",22
"Ellington town (Tolland, CT)","Killingly town (Windham, CT)",19
"Ellington town (Tolland, CT)","Montville town (New London, CT)",18
"Ellington town (Tolland, CT)","New London town (New London, CT)",18
"Ellington town (Tolland, CT)","Waterford town (New London, CT)",18
"Ellington town (Tolland, CT)","Shelton town (Fairfield, CT)",15
"Ellington town (Tolland, CT)","Branford town (New Haven, CT)",15
"Ellington town (Tolland, CT)","Groton town (New London, CT)",15
"Ellington town (Tolland, CT)",All Other Locations,281
"Enfield town (Hartford, CT)","Enfield town (Hartford, CT)",4600
"Enfield town (Hartford, CT)","Hartford town (Hartford, CT)",2252
"Enfield town (Hartford, CT)","Windsor town (Hartford, CT)",1617
"Enfield town (Hartford, CT)","East Windsor town (Hartford, CT)",908
"Enfield town (Hartford, CT)","Windsor Locks town (Hartford, CT)",751
"Enfield town (Hartford, CT)","Manchester town (Hartford, CT)",702
"Enfield town (Hartford, CT)","Bloomfield town (Hartford, CT)",642
"Enfield town (Hartford, CT)","East Hartford town (Hartford, CT)",615
"Enfield town (Hartford, CT)","South Windsor town (Hartford, CT)",541
"Enfield town (Hartford, CT)","Farmington town (Hartford, CT)",442
"Enfield town (Hartford, CT)","West Hartford town (Hartford, CT)",357
"Enfield town (Hartford, CT)","Suffield town (Hartford, CT)",328
"Enfield town (Hartford, CT)","Vernon town (Tolland, CT)",302
"Enfield town (Hartford, CT)","Stafford town (Tolland, CT)",271
"Enfield town (Hartford, CT)","Glastonbury town (Hartford, CT)",260
"Enfield town (Hartford, CT)","East Granby town (Hartford, CT)",222
"Enfield town (Hartford, CT)","Newington town (Hartford, CT)",218
"Enfield town (Hartford, CT)","Somers town (Tolland, CT)",214
"Enfield town (Hartford, CT)","Simsbury town (Hartford, CT)",206
"Enfield town (Hartford, CT)","Rocky Hill town (Hartford, CT)",198
"Enfield town (Hartford, CT)","New Britain town (Hartford, CT)",191
"Enfield town (Hartford, CT)","Middletown town (Middlesex, CT)",162
"Enfield town (Hartford, CT)","Ellington town (Tolland, CT)",139
"Enfield town (Hartford, CT)","Berlin town (Hartford, CT)",137
"Enfield town (Hartford, CT)","Bristol town (Hartford, CT)",127
"Enfield town (Hartford, CT)","Waterbury town (New Haven, CT)",125
"Enfield town (Hartford, CT)","Wallingford town (New Haven, CT)",123
"Enfield town (Hartford, CT)","Meriden town (New Haven, CT)",122
"Enfield town (Hartford, CT)","New Haven town (New Haven, CT)",117
"Enfield town (Hartford, CT)","Avon town (Hartford, CT)",111
"Enfield town (Hartford, CT)","Tolland town (Tolland, CT)",106
"Enfield town (Hartford, CT)","Danbury town (Fairfield, CT)",104
"Enfield town (Hartford, CT)","Plainville town (Hartford, CT)",97
"Enfield town (Hartford, CT)","Wethersfield town (Hartford, CT)",93
"Enfield town (Hartford, CT)","North Haven town (New Haven, CT)",84
"Enfield town (Hartford, CT)","Mansfield town (Tolland, CT)",84
"Enfield town (Hartford, CT)","Southington town (Hartford, CT)",76
"Enfield town (Hartford, CT)","Cheshire town (New Haven, CT)",68
"Enfield town (Hartford, CT)","Milford town (New Haven, CT)",60
"Enfield town (Hartford, CT)","Torrington town (Litchfield, CT)",58
"Enfield town (Hartford, CT)","Cromwell town (Middlesex, CT)",57
"Enfield town (Hartford, CT)","Norwich town (New London, CT)",53
"Enfield town (Hartford, CT)","Hamden town (New Haven, CT)",50
"Enfield town (Hartford, CT)","Waterford town (New London, CT)",50
"Enfield town (Hartford, CT)","Trumbull town (Fairfield, CT)",48
"Enfield town (Hartford, CT)","Shelton town (Fairfield, CT)",43
"Enfield town (Hartford, CT)","Granby town (Hartford, CT)",43
"Enfield town (Hartford, CT)","Windham town (Windham, CT)",42
"Enfield town (Hartford, CT)","New London town (New London, CT)",40
"Enfield town (Hartford, CT)","Orange town (New Haven, CT)",37
"Enfield town (Hartford, CT)",All Other Locations,745
"Farmington town (Hartford, CT)","Farmington town (Hartford, CT)",2390
"Farmington town (Hartford, CT)","Hartford town (Hartford, CT)",1918
"Farmington town (Hartford, CT)","New Britain town (Hartford, CT)",751
"Farmington town (Hartford, CT)","West Hartford town (Hartford, CT)",669
"Farmington town (Hartford, CT)","Bristol town (Hartford, CT)",607
"Farmington town (Hartford, CT)","Avon town (Hartford, CT)",380
"Farmington town (Hartford, CT)","Plainville town (Hartford, CT)",362
"Farmington town (Hartford, CT)","Simsbury town (Hartford, CT)",316
"Farmington town (Hartford, CT)","East Hartford town (Hartford, CT)",295
"Farmington town (Hartford, CT)","Bloomfield town (Hartford, CT)",282
"Farmington town (Hartford, CT)","Windsor town (Hartford, CT)",243
"Farmington town (Hartford, CT)","Newington town (Hartford, CT)",230
"Farmington town (Hartford, CT)","Southington town (Hartford, CT)",198
"Farmington town (Hartford, CT)","Glastonbury town (Hartford, CT)",177
"Farmington town (Hartford, CT)","Middletown town (Middlesex, CT)",177
"Farmington town (Hartford, CT)","Manchester town (Hartford, CT)",174
"Farmington town (Hartford, CT)","Berlin town (Hartford, CT)",169
"Farmington town (Hartford, CT)","Rocky Hill town (Hartford, CT)",151
"Farmington town (Hartford, CT)","Canton town (Hartford, CT)",134
"Farmington town (Hartford, CT)","Meriden town (New Haven, CT)",108
"Farmington town (Hartford, CT)","New Haven town (New Haven, CT)",107
"Farmington town (Hartford, CT)","Wethersfield town (Hartford, CT)",98
"Farmington town (Hartford, CT)","Torrington town (Litchfield, CT)",96
"Farmington town (Hartford, CT)","Waterbury town (New Haven, CT)",95
"Farmington town (Hartford, CT)","Enfield town (Hartford, CT)",94
"Farmington town (Hartford, CT)","Cheshire town (New Haven, CT)",70
"Farmington town (Hartford, CT)","Wallingford town (New Haven, CT)",69
"Farmington town (Hartford, CT)","Mansfield town (Tolland, CT)",59
"Farmington town (Hartford, CT)","Cromwell town (Middlesex, CT)",58
"Farmington town (Hartford, CT)","South Windsor town (Hartford, CT)",56
"Farmington town (Hartford, CT)","Danbury town (Fairfield, CT)",55
"Farmington town (Hartford, CT)","Vernon town (Tolland, CT)",55
"Farmington town (Hartford, CT)","Windsor Locks town (Hartford, CT)",38
"Farmington town (Hartford, CT)","Hamden town (New Haven, CT)",37
"Farmington town (Hartford, CT)","Burlington town (Hartford, CT)",36
"Farmington town (Hartford, CT)","North Haven town (New Haven, CT)",34
"Farmington town (Hartford, CT)","Shelton town (Fairfield, CT)",31
"Farmington town (Hartford, CT)","Trumbull town (Fairfield, CT)",24
"Farmington town (Hartford, CT)","East Granby town (Hartford, CT)",24
"Farmington town (Hartford, CT)","East Windsor town (Hartford, CT)",23
"Farmington town (Hartford, CT)","Stratford town (Fairfield, CT)",21
"Farmington town (Hartford, CT)","Winchester town (Litchfield, CT)",20
"Farmington town (Hartford, CT)","Milford town (New Haven, CT)",19
"Farmington town (Hartford, CT)","Suffield town (Hartford, CT)",17
"Farmington town (Hartford, CT)","Litchfield town (Litchfield, CT)",17
"Farmington town (Hartford, CT)","Plymouth town (Litchfield, CT)",17
"Farmington town (Hartford, CT)","Orange town (New Haven, CT)",17
"Farmington town (Hartford, CT)","Granby town (Hartford, CT)",16
"Farmington town (Hartford, CT)","New London town (New London, CT)",16
"Farmington town (Hartford, CT)","Southbury town (New Haven, CT)",15
"Farmington town (Hartford, CT)",All Other Locations,416
"Glastonbury town (Hartford, CT)","Hartford town (Hartford, CT)",3392
"Glastonbury town (Hartford, CT)","Glastonbury town (Hartford, CT)",2795
"Glastonbury town (Hartford, CT)","East Hartford town (Hartford, CT)",1155
"Glastonbury town (Hartford, CT)","Manchester town (Hartford, CT)",731
"Glastonbury town (Hartford, CT)","Farmington town (Hartford, CT)",529
"Glastonbury town (Hartford, CT)","West Hartford town (Hartford, CT)",464
"Glastonbury town (Hartford, CT)","Middletown town (Middlesex, CT)",441
"Glastonbury town (Hartford, CT)","Windsor town (Hartford, CT)",438
"Glastonbury town (Hartford, CT)","Rocky Hill town (Hartford, CT)",373
"Glastonbury town (Hartford, CT)","Bloomfield town (Hartford, CT)",284
"Glastonbury town (Hartford, CT)","New Britain town (Hartford, CT)",274
"Glastonbury town (Hartford, CT)","Newington town (Hartford, CT)",271
"Glastonbury town (Hartford, CT)","Wallingford town (New Haven, CT)",236
"Glastonbury town (Hartford, CT)","South Windsor town (Hartford, CT)",232
"Glastonbury town (Hartford, CT)","Wethersfield town (Hartford, CT)",225
"Glastonbury town (Hartford, CT)","Westport town (Fairfield, CT)",219
"Glastonbury town (Hartford, CT)","Stamford town (Fairfield, CT)",215
"Glastonbury town (Hartford, CT)","New Haven town (New Haven, CT)",211
"Glastonbury town (Hartford, CT)","Meriden town (New Haven, CT)",199
"Glastonbury town (Hartford, CT)","Berlin town (Hartford, CT)",162
"Glastonbury town (Hartford, CT)","Simsbury town (Hartford, CT)",152
"Glastonbury town (Hartford, CT)","Danbury town (Fairfield, CT)",147
"Glastonbury town (Hartford, CT)","Vernon town (Tolland, CT)",146
"Glastonbury town (Hartford, CT)","Enfield town (Hartford, CT)",137
"Glastonbury town (Hartford, CT)","Waterbury town (New Haven, CT)",134
"Glastonbury town (Hartford, CT)","Manhattan borough (New York, NY)",128
"Glastonbury town (Hartford, CT)","Bristol town (Hartford, CT)",125
"Glastonbury town (Hartford, CT)","Norwalk town (Fairfield, CT)",124
"Glastonbury town (Hartford, CT)","Bridgeport town (Fairfield, CT)",121
"Glastonbury town (Hartford, CT)","Cromwell town (Middlesex, CT)",111
"Glastonbury town (Hartford, CT)","Cheshire town (New Haven, CT)",107
"Glastonbury town (Hartford, CT)","Avon town (Hartford, CT)",102
"Glastonbury town (Hartford, CT)","Mansfield town (Tolland, CT)",101
"Glastonbury town (Hartford, CT)","North Haven town (New Haven, CT)",92
"Glastonbury town (Hartford, CT)","Southington town (Hartford, CT)",87
"Glastonbury town (Hartford, CT)","Fairfield town (Fairfield, CT)",86
"Glastonbury town (Hartford, CT)","Milford town (New Haven, CT)",80
"Glastonbury town (Hartford, CT)","Trumbull town (Fairfield, CT)",78
"Glastonbury town (Hartford, CT)","Stratford town (Fairfield, CT)",77
"Glastonbury town (Hartford, CT)","Windsor Locks town (Hartford, CT)",66
"Glastonbury town (Hartford, CT)","Hebron town (Tolland, CT)",64
"Glastonbury town (Hartford, CT)","Greenwich town (Fairfield, CT)",63
"Glastonbury town (Hartford, CT)","Plainville town (Hartford, CT)",63
"Glastonbury town (Hartford, CT)","Norwich town (New London, CT)",60
"Glastonbury town (Hartford, CT)","Windham town (Windham, CT)",60
"Glastonbury town (Hartford, CT)","Hamden town (New Haven, CT)",57
"Glastonbury town (Hartford, CT)","East Windsor town (Hartford, CT)",55
"Glastonbury town (Hartford, CT)","Colchester town (New London, CT)",52
"Glastonbury town (Hartford, CT)","Portland town (Middlesex, CT)",50
"Glastonbury town (Hartford, CT)","Tolland town (Tolland, CT)",50
"Glastonbury town (Hartford, CT)",All Other Locations,1982
"Granby town (Hartford, CT)","Hartford town (Hartford, CT)",811
"Granby town (Hartford, CT)","Granby town (Hartford, CT)",554
"Granby town (Hartford, CT)","Simsbury town (Hartford, CT)",455
"Granby town (Hartford, CT)","Windsor town (Hartford, CT)",429
"Granby town (Hartford, CT)","Bloomfield town (Hartford, CT)",323
"Granby town (Hartford, CT)","West Hartford town (Hartford, CT)",184
"Granby town (Hartford, CT)","East Granby town (Hartford, CT)",182
"Granby town (Hartford, CT)","Farmington town (Hartford, CT)",175
"Granby town (Hartford, CT)","East Hartford town (Hartford, CT)",138
"Granby town (Hartford, CT)","Windsor Locks town (Hartford, CT)",138
"Granby town (Hartford, CT)","Avon town (Hartford, CT)",123
"Granby town (Hartford, CT)","Enfield town (Hartford, CT)",107
"Granby town (Hartford, CT)","Stamford town (Fairfield, CT)",93
"Granby town (Hartford, CT)","South Windsor town (Hartford, CT)",76
"Granby town (Hartford, CT)","Norwalk town (Fairfield, CT)",68
"Granby town (Hartford, CT)","Manchester town (Hartford, CT)",68
"Granby town (Hartford, CT)","New Britain town (Hartford, CT)",64
"Granby town (Hartford, CT)","Middletown town (Middlesex, CT)",63
"Granby town (Hartford, CT)","Canton town (Hartford, CT)",62
"Granby town (Hartford, CT)","Manhattan borough (New York, NY)",53
"Granby town (Hartford, CT)","East Windsor town (Hartford, CT)",45
"Granby town (Hartford, CT)","Glastonbury town (Hartford, CT)",44
"Granby town (Hartford, CT)","Suffield town (Hartford, CT)",44
"Granby town (Hartford, CT)","Newington town (Hartford, CT)",41
"Granby town (Hartford, CT)","Rocky Hill town (Hartford, CT)",38
"Granby town (Hartford, CT)","Meriden town (New Haven, CT)",38
"Granby town (Hartford, CT)","Fairfield town (Fairfield, CT)",37
"Granby town (Hartford, CT)","Wallingford town (New Haven, CT)",37
"Granby town (Hartford, CT)","Vernon town (Tolland, CT)",34
"Granby town (Hartford, CT)","Bridgeport town (Fairfield, CT)",31
"Granby town (Hartford, CT)","Milford town (New Haven, CT)",30
"Granby town (Hartford, CT)","Waterbury town (New Haven, CT)",29
"Granby town (Hartford, CT)","Greenwich town (Fairfield, CT)",28
"Granby town (Hartford, CT)","Westport town (Fairfield, CT)",27
"Granby town (Hartford, CT)","Danbury town (Fairfield, CT)",26
"Granby town (Hartford, CT)","Stratford town (Fairfield, CT)",26
"Granby town (Hartford, CT)","Plainville town (Hartford, CT)",26
"Granby town (Hartford, CT)","Winchester town (Litchfield, CT)",26
"Granby town (Hartford, CT)","Berlin town (Hartford, CT)",24
"Granby town (Hartford, CT)","New Haven town (New Haven, CT)",24
"Granby town (Hartford, CT)","Wethersfield town (Hartford, CT)",23
"Granby town (Hartford, CT)","New Hartford town (Litchfield, CT)",22
"Granby town (Hartford, CT)","Bristol town (Hartford, CT)",21
"Granby town (Hartford, CT)","Southington town (Hartford, CT)",20
"Granby town (Hartford, CT)","North Haven town (New Haven, CT)",20
"Granby town (Hartford, CT)","Mansfield town (Tolland, CT)",19
"Granby town (Hartford, CT)","Shelton town (Fairfield, CT)",18
"Granby town (Hartford, CT)","Tolland town (Tolland, CT)",18
"Granby town (Hartford, CT)","Torrington town (Litchfield, CT)",12
"Granby town (Hartford, CT)","Cheshire town (New Haven, CT)",11
"Granby town (Hartford, CT)",All Other Locations,567
"Hebron town (Tolland, CT)","Hartford town (Hartford, CT)",778
"Hebron town (Tolland, CT)","Hebron town (Tolland, CT)",404
"Hebron town (Tolland, CT)","East Hartford town (Hartford, CT)",329
"Hebron town (Tolland, CT)","Glastonbury town (Hartford, CT)",309
"Hebron town (Tolland, CT)","Manchester town (Hartford, CT)",267
"Hebron town (Tolland, CT)","Middletown town (Middlesex, CT)",127
"Hebron town (Tolland, CT)","Windham town (Windham, CT)",121
"Hebron town (Tolland, CT)","Mansfield town (Tolland, CT)",108
"Hebron town (Tolland, CT)","Newington town (Hartford, CT)",100
"Hebron town (Tolland, CT)","Windsor town (Hartford, CT)",99
"Hebron town (Tolland, CT)","Colchester town (New London, CT)",97
"Hebron town (Tolland, CT)","Bloomfield town (Hartford, CT)",96
"Hebron town (Tolland, CT)","Farmington town (Hartford, CT)",94
"Hebron town (Tolland, CT)","South Windsor town (Hartford, CT)",92
"Hebron town (Tolland, CT)","Norwich town (New London, CT)",91
"Hebron town (Tolland, CT)","Rocky Hill town (Hartford, CT)",88
"Hebron town (Tolland, CT)","West Hartford town (Hartford, CT)",80
"Hebron town (Tolland, CT)","Stamford town (Fairfield, CT)",76
"Hebron town (Tolland, CT)","Danbury town (Fairfield, CT)",63
"Hebron town (Tolland, CT)","Vernon town (Tolland, CT)",54
"Hebron town (Tolland, CT)","Marlborough town (Hartford, CT)",51
"Hebron town (Tolland, CT)","Norwalk town (Fairfield, CT)",49
"Hebron town (Tolland, CT)","Enfield town (Hartford, CT)",47
"Hebron town (Tolland, CT)","Manhattan borough (New York, NY)",43
"Hebron town (Tolland, CT)","Wethersfield town (Hartford, CT)",40
"Hebron town (Tolland, CT)","Stratford town (Fairfield, CT)",38
"Hebron town (Tolland, CT)","New Britain town (Hartford, CT)",37
"Hebron town (Tolland, CT)","Bridgeport town (Fairfield, CT)",34
"Hebron town (Tolland, CT)","East Hampton town (Middlesex, CT)",33
"Hebron town (Tolland, CT)","Bolton town (Tolland, CT)",33
"Hebron town (Tolland, CT)","Berlin town (Hartford, CT)",32
"Hebron town (Tolland, CT)","Trumbull town (Fairfield, CT)",30
"Hebron town (Tolland, CT)","Milford town (New Haven, CT)",29
"Hebron town (Tolland, CT)","New Haven town (New Haven, CT)",29
"Hebron town (Tolland, CT)","Columbia town (Tolland, CT)",29
"Hebron town (Tolland, CT)","Fairfield town (Fairfield, CT)",28
"Hebron town (Tolland, CT)","Avon town (Hartford, CT)",26
"Hebron town (Tolland, CT)","Wallingford town (New Haven, CT)",26
"Hebron town (Tolland, CT)","Lebanon town (New London, CT)",26
"Hebron town (Tolland, CT)","Windsor Locks town (Hartford, CT)",23
"Hebron town (Tolland, CT)","Meriden town (New Haven, CT)",23
"Hebron town (Tolland, CT)","Waterbury town (New Haven, CT)",22
"Hebron town (Tolland, CT)","Killingly town (Windham, CT)",22
"Hebron town (Tolland, CT)","Greenwich town (Fairfield, CT)",21
"Hebron town (Tolland, CT)","Bristol town (Hartford, CT)",21
"Hebron town (Tolland, CT)","Plainville town (Hartford, CT)",21
"Hebron town (Tolland, CT)","Putnam town (Windham, CT)",20
"Hebron town (Tolland, CT)","Westport town (Fairfield, CT)",18
"Hebron town (Tolland, CT)","East Windsor town (Hartford, CT)",18
"Hebron town (Tolland, CT)","Montville town (New London, CT)",18
"Hebron town (Tolland, CT)",All Other Locations,669
"Manchester town (Hartford, CT)","Manchester town (Hartford, CT)",5735
"Manchester town (Hartford, CT)","Hartford town (Hartford, CT)",5223
"Manchester town (Hartford, CT)","East Hartford town (Hartford, CT)",1984
"Manchester town (Hartford, CT)","Glastonbury town (Hartford, CT)",1069
"Manchester town (Hartford, CT)","Windsor town (Hartford, CT)",991
"Manchester town (Hartford, CT)","South Windsor town (Hartford, CT)",967
"Manchester town (Hartford, CT)","Vernon town (Tolland, CT)",947
"Manchester town (Hartford, CT)","Farmington town (Hartford, CT)",830
"Manchester town (Hartford, CT)","West Hartford town (Hartford, CT)",748
"Manchester town (Hartford, CT)","Bloomfield town (Hartford, CT)",697
"Manchester town (Hartford, CT)","Newington town (Hartford, CT)",486
"Manchester town (Hartford, CT)","Rocky Hill town (Hartford, CT)",457
"Manchester town (Hartford, CT)","Middletown town (Middlesex, CT)",444
"Manchester town (Hartford, CT)","Enfield town (Hartford, CT)",420
"Manchester town (Hartford, CT)","New Britain town (Hartford, CT)",378
"Manchester town (Hartford, CT)","Wethersfield town (Hartford, CT)",340
"Manchester town (Hartford, CT)","East Windsor town (Hartford, CT)",297
"Manchester town (Hartford, CT)","Windsor Locks town (Hartford, CT)",263
"Manchester town (Hartford, CT)","New Haven town (New Haven, CT)",263
"Manchester town (Hartford, CT)","Meriden town (New Haven, CT)",254
"Manchester town (Hartford, CT)","Tolland town (Tolland, CT)",242
"Manchester town (Hartford, CT)","Berlin town (Hartford, CT)",237
"Manchester town (Hartford, CT)","Mansfield town (Tolland, CT)",228
"Manchester town (Hartford, CT)","Simsbury town (Hartford, CT)",205
"Manchester town (Hartford, CT)","Wallingford town (New Haven, CT)",184
"Manchester town (Hartford, CT)","Bolton town (Tolland, CT)",178
"Manchester town (Hartford, CT)","Waterbury town (New Haven, CT)",172
"Manchester town (Hartford, CT)","Bristol town (Hartford, CT)",171
"Manchester town (Hartford, CT)","Avon town (Hartford, CT)",167
"Manchester town (Hartford, CT)","Cromwell town (Middlesex, CT)",167
"Manchester town (Hartford, CT)","Windham town (Windham, CT)",156
"Manchester town (Hartford, CT)","Cheshire town (New Haven, CT)",123
"Manchester town (Hartford, CT)","Southington town (Hartford, CT)",116
"Manchester town (Hartford, CT)","Plainville town (Hartford, CT)",106
"Manchester town (Hartford, CT)","Ellington town (Tolland, CT)",104
"Manchester town (Hartford, CT)","East Granby town (Hartford, CT)",94
"Manchester town (Hartford, CT)","Coventry town (Tolland, CT)",93
"Manchester town (Hartford, CT)","North Haven town (New Haven, CT)",92
"Manchester town (Hartford, CT)","Milford town (New Haven, CT)",89
"Manchester town (Hartford, CT)","Norwich town (New London, CT)",89
"Manchester town (Hartford, CT)","Orange town (New Haven, CT)",87
"Manchester town (Hartford, CT)","Suffield town (Hartford, CT)",79
"Manchester town (Hartford, CT)","Hamden town (New Haven, CT)",78
"Manchester town (Hartford, CT)","Shelton town (Fairfield, CT)",77
"Manchester town (Hartford, CT)","Waterford town (New London, CT)",77
"Manchester town (Hartford, CT)","Torrington town (Litchfield, CT)",68
"Manchester town (Hartford, CT)","Branford town (New Haven, CT)",62
"Manchester town (Hartford, CT)","Stafford town (Tolland, CT)",62
"Manchester town (Hartford, CT)","Groton town (New London, CT)",59
"Manchester town (Hartford, CT)","New London town (New London, CT)",55
"Manchester town (Hartford, CT)",All Other Locations,1173
"Marlborough town (Hartford, CT)","Hartford town (Hartford, CT)",536
"Marlborough town (Hartford, CT)","Glastonbury town (Hartford, CT)",241
"Marlborough town (Hartford, CT)","East Hartford town (Hartford, CT)",231
"Marlborough town (Hartford, CT)","Marlborough town (Hartford, CT)",183
"Marlborough town (Hartford, CT)","Manchester town (Hartford, CT)",116
"Marlborough town (Hartford, CT)","Middletown town (Middlesex, CT)",114
"Marlborough town (Hartford, CT)","Farmington town (Hartford, CT)",108
"Marlborough town (Hartford, CT)","Rocky Hill town (Hartford, CT)",91
"Marlborough town (Hartford, CT)","Windsor town (Hartford, CT)",83
"Marlborough town (Hartford, CT)","Hebron town (Tolland, CT)",83
"Marlborough town (Hartford, CT)","West Hartford town (Hartford, CT)",74
"Marlborough town (Hartford, CT)","East Hampton town (Middlesex, CT)",49
"Marlborough town (Hartford, CT)","Bloomfield town (Hartford, CT)",47
"Marlborough town (Hartford, CT)","South Windsor town (Hartford, CT)",46
"Marlborough town (Hartford, CT)","Wethersfield town (Hartford, CT)",46
"Marlborough town (Hartford, CT)","Colchester town (New London, CT)",42
"Marlborough town (Hartford, CT)","Newington town (Hartford, CT)",39
"Marlborough town (Hartford, CT)","New Haven town (New Haven, CT)",36
"Marlborough town (Hartford, CT)","Meriden town (New Haven, CT)",35
"Marlborough town (Hartford, CT)","Portland town (Middlesex, CT)",34
"Marlborough town (Hartford, CT)","New Britain town (Hartford, CT)",30
"Marlborough town (Hartford, CT)","Vernon town (Tolland, CT)",30
"Marlborough town (Hartford, CT)","Berlin town (Hartford, CT)",29
"Marlborough town (Hartford, CT)","Waterbury town (New Haven, CT)",27
"Marlborough town (Hartford, CT)","Wallingford town (New Haven, CT)",26
"Marlborough town (Hartford, CT)","Bristol town (Hartford, CT)",23
"Marlborough town (Hartford, CT)","Cheshire town (New Haven, CT)",21
"Marlborough town (Hartford, CT)","Mansfield town (Tolland, CT)",20
"Marlborough town (Hartford, CT)","Enfield town (Hartford, CT)",19
"Marlborough town (Hartford, CT)","Plainville town (Hartford, CT)",19
"Marlborough town (Hartford, CT)","Southington town (Hartford, CT)",18
"Marlborough town (Hartford, CT)","East Windsor town (Hartford, CT)",15
"Marlborough town (Hartford, CT)","Hamden town (New Haven, CT)",15
"Marlborough town (Hartford, CT)","Waterford town (New London, CT)",15
"Marlborough town (Hartford, CT)","Cromwell town (Middlesex, CT)",14
"Marlborough town (Hartford, CT)","Tolland town (Tolland, CT)",14
"Marlborough town (Hartford, CT)","Canton town (Hartford, CT)",13
"Marlborough town (Hartford, CT)","Simsbury town (Hartford, CT)",12
"Marlborough town (Hartford, CT)","Windsor Locks town (Hartford, CT)",12
"Marlborough town (Hartford, CT)","North Haven town (New Haven, CT)",11
"Marlborough town (Hartford, CT)","Norwich town (New London, CT)",10
"Marlborough town (Hartford, CT)","Shelton town (Fairfield, CT)",9
"Marlborough town (Hartford, CT)","Torrington town (Litchfield, CT)",9
"Marlborough town (Hartford, CT)","Groton town (New London, CT)",9
"Marlborough town (Hartford, CT)","Avon town (Hartford, CT)",8
"Marlborough town (Hartford, CT)","Milford town (New Haven, CT)",8
"Marlborough town (Hartford, CT)","Columbia town (Tolland, CT)",8
"Marlborough town (Hartford, CT)","East Haddam town (Middlesex, CT)",7
"Marlborough town (Hartford, CT)","Madison town (New Haven, CT)",7
"Marlborough town (Hartford, CT)","Watertown town (Litchfield, CT)",6
"Marlborough town (Hartford, CT)",All Other Locations,141
"Newington town (Hartford, CT)","Hartford town (Hartford, CT)",3369
"Newington town (Hartford, CT)","Newington town (Hartford, CT)",2042
"Newington town (Hartford, CT)","New Britain town (Hartford, CT)",1039
"Newington town (Hartford, CT)","West Hartford town (Hartford, CT)",945
"Newington town (Hartford, CT)","Farmington town (Hartford, CT)",766
"Newington town (Hartford, CT)","East Hartford town (Hartford, CT)",519
"Newington town (Hartford, CT)","Berlin town (Hartford, CT)",460
"Newington town (Hartford, CT)","Rocky Hill town (Hartford, CT)",438
"Newington town (Hartford, CT)","Manchester town (Hartford, CT)",419
"Newington town (Hartford, CT)","Windsor town (Hartford, CT)",377
"Newington town (Hartford, CT)","Middletown town (Middlesex, CT)",349
"Newington town (Hartford, CT)","Wethersfield town (Hartford, CT)",338
"Newington town (Hartford, CT)","Bloomfield town (Hartford, CT)",335
"Newington town (Hartford, CT)","Glastonbury town (Hartford, CT)",324
"Newington town (Hartford, CT)","Meriden town (New Haven, CT)",253
"Newington town (Hartford, CT)","New Haven town (New Haven, CT)",217
"Newington town (Hartford, CT)","Bristol town (Hartford, CT)",214
"Newington town (Hartford, CT)","Wallingford town (New Haven, CT)",209
"Newington town (Hartford, CT)","Plainville town (Hartford, CT)",190
"Newington town (Hartford, CT)","Southington town (Hartford, CT)",179
"Newington town (Hartford, CT)","Cromwell town (Middlesex, CT)",174
"Newington town (Hartford, CT)","Enfield town (Hartford, CT)",134
"Newington town (Hartford, CT)","Avon town (Hartford, CT)",130
"Newington town (Hartford, CT)","Cheshire town (New Haven, CT)",129
"Newington town (Hartford, CT)","Simsbury town (Hartford, CT)",121
"Newington town (Hartford, CT)","Waterbury town (New Haven, CT)",121
"Newington town (Hartford, CT)","Westport town (Fairfield, CT)",117
"Newington town (Hartford, CT)","South Windsor town (Hartford, CT)",114
"Newington town (Hartford, CT)","Vernon town (Tolland, CT)",96
"Newington town (Hartford, CT)","Windsor Locks town (Hartford, CT)",95
"Newington town (Hartford, CT)","Bridgeport town (Fairfield, CT)",91
"Newington town (Hartford, CT)","Stamford town (Fairfield, CT)",88
"Newington town (Hartford, CT)","Danbury town (Fairfield, CT)",81
"Newington town (Hartford, CT)","East Windsor town (Hartford, CT)",78
"Newington town (Hartford, CT)","North Haven town (New Haven, CT)",75
"Newington town (Hartford, CT)","Mansfield town (Tolland, CT)",70
"Newington town (Hartford, CT)","Norwalk town (Fairfield, CT)",63
"Newington town (Hartford, CT)","Manhattan borough (New York, NY)",59
"Newington town (Hartford, CT)","Milford town (New Haven, CT)",58
"Newington town (Hartford, CT)","Norwich town (New London, CT)",57
"Newington town (Hartford, CT)","Hamden town (New Haven, CT)",55
"Newington town (Hartford, CT)","Stratford town (Fairfield, CT)",49
"Newington town (Hartford, CT)","Groton town (New London, CT)",49
"Newington town (Hartford, CT)","Windham town (Windham, CT)",48
"Newington town (Hartford, CT)","Fairfield town (Fairfield, CT)",47
"Newington town (Hartford, CT)","Orange town (New Haven, CT)",46
"Newington town (Hartford, CT)","Trumbull town (Fairfield, CT)",44
"Newington town (Hartford, CT)","East Granby town (Hartford, CT)",41
"Newington town (Hartford, CT)","Branford town (New Haven, CT)",41
"Newington town (Hartford, CT)","Torrington town (Litchfield, CT)",36
"Newington town (Hartford, CT)",All Other Locations,1248
"Rocky Hill town (Hartford, CT)","Hartford town (Hartford, CT)",2233
"Rocky Hill town (Hartford, CT)","Rocky Hill town (Hartford, CT)",1215
"Rocky Hill town (Hartford, CT)","Middletown town (Middlesex, CT)",364
"Rocky Hill town (Hartford, CT)","East Hartford town (Hartford, CT)",351
"Rocky Hill town (Hartford, CT)","Newington town (Hartford, CT)",347
"Rocky Hill town (Hartford, CT)","West Hartford town (Hartford, CT)",304
"Rocky Hill town (Hartford, CT)","New Britain town (Hartford, CT)",286
"Rocky Hill town (Hartford, CT)","Farmington town (Hartford, CT)",277
"Rocky Hill town (Hartford, CT)","Glastonbury town (Hartford, CT)",260
"Rocky Hill town (Hartford, CT)","Berlin town (Hartford, CT)",252
"Rocky Hill town (Hartford, CT)","Wethersfield town (Hartford, CT)",241
"Rocky Hill town (Hartford, CT)","Windsor town (Hartford, CT)",224
"Rocky Hill town (Hartford, CT)","Manchester town (Hartford, CT)",209
"Rocky Hill town (Hartford, CT)","Bloomfield town (Hartford, CT)",193
"Rocky Hill town (Hartford, CT)","Meriden town (New Haven, CT)",172
"Rocky Hill town (Hartford, CT)","Cromwell town (Middlesex, CT)",169
"Rocky Hill town (Hartford, CT)","Wallingford town (New Haven, CT)",157
"Rocky Hill town (Hartford, CT)","Bristol town (Hartford, CT)",113
"Rocky Hill town (Hartford, CT)","New Haven town (New Haven, CT)",110
"Rocky Hill town (Hartford, CT)","Waterbury town (New Haven, CT)",90
"Rocky Hill town (Hartford, CT)","South Windsor town (Hartford, CT)",83
"Rocky Hill town (Hartford, CT)","Southington town (Hartford, CT)",82
"Rocky Hill town (Hartford, CT)","Enfield town (Hartford, CT)",78
"Rocky Hill town (Hartford, CT)","Simsbury town (Hartford, CT)",64
"Rocky Hill town (Hartford, CT)","East Windsor town (Hartford, CT)",61
"Rocky Hill town (Hartford, CT)","North Haven town (New Haven, CT)",60
"Rocky Hill town (Hartford, CT)","Vernon town (Tolland, CT)",60
"Rocky Hill town (Hartford, CT)","Plainville town (Hartford, CT)",59
"Rocky Hill town (Hartford, CT)","Cheshire town (New Haven, CT)",56
"Rocky Hill town (Hartford, CT)","Mansfield town (Tolland, CT)",49
"Rocky Hill town (Hartford, CT)","Windham town (Windham, CT)",39
"Rocky Hill town (Hartford, CT)","Avon town (Hartford, CT)",36
"Rocky Hill town (Hartford, CT)","Hamden town (New Haven, CT)",34
"Rocky Hill town (Hartford, CT)","Shelton town (Fairfield, CT)",33
"Rocky Hill town (Hartford, CT)","Windsor Locks town (Hartford, CT)",32
"Rocky Hill town (Hartford, CT)","Milford town (New Haven, CT)",30
"Rocky Hill town (Hartford, CT)","Norwich town (New London, CT)",30
"Rocky Hill town (Hartford, CT)","Groton town (New London, CT)",28
"Rocky Hill town (Hartford, CT)","Colchester town (New London, CT)",24
"Rocky Hill town (Hartford, CT)","Orange town (New Haven, CT)",21
"Rocky Hill town (Hartford, CT)","East Granby town (Hartford, CT)",20
"Rocky Hill town (Hartford, CT)","Torrington town (Litchfield, CT)",20
"Rocky Hill town (Hartford, CT)","Montville town (New London, CT)",20
"Rocky Hill town (Hartford, CT)","New London town (New London, CT)",20
"Rocky Hill town (Hartford, CT)","Branford town (New Haven, CT)",19
"Rocky Hill town (Hartford, CT)","Portland town (Middlesex, CT)",17
"Rocky Hill town (Hartford, CT)","Trumbull town (Fairfield, CT)",15
"Rocky Hill town (Hartford, CT)","West Haven town (New Haven, CT)",14
"Rocky Hill town (Hartford, CT)","Waterford town (New London, CT)",14
"Rocky Hill town (Hartford, CT)","Middlefield town (Middlesex, CT)",13
"Rocky Hill town (Hartford, CT)",All Other Locations,373
"Simsbury town (Hartford, CT)","Simsbury town (Hartford, CT)",2025
"Simsbury town (Hartford, CT)","Hartford town (Hartford, CT)",1920
"Simsbury town (Hartford, CT)","Farmington town (Hartford, CT)",657
"Simsbury town (Hartford, CT)","West Hartford town (Hartford, CT)",575
"Simsbury town (Hartford, CT)","Bloomfield town (Hartford, CT)",553
"Simsbury town (Hartford, CT)","Windsor town (Hartford, CT)",536
"Simsbury town (Hartford, CT)","Avon town (Hartford, CT)",521
"Simsbury town (Hartford, CT)","East Hartford town (Hartford, CT)",287
"Simsbury town (Hartford, CT)","Stamford town (Fairfield, CT)",184
"Simsbury town (Hartford, CT)","Bristol town (Hartford, CT)",171
"Simsbury town (Hartford, CT)","Enfield town (Hartford, CT)",170
"Simsbury town (Hartford, CT)","Canton town (Hartford, CT)",167
"Simsbury town (Hartford, CT)","New Britain town (Hartford, CT)",160
"Simsbury town (Hartford, CT)","Newington town (Hartford, CT)",159
"Simsbury town (Hartford, CT)","Manchester town (Hartford, CT)",148
"Simsbury town (Hartford, CT)","Manhattan borough (New York, NY)",147
"Simsbury town (Hartford, CT)","Glastonbury town (Hartford, CT)",134
"Simsbury town (Hartford, CT)","Granby town (Hartford, CT)",134
"Simsbury town (Hartford, CT)","East Granby town (Hartford, CT)",129
"Simsbury town (Hartford, CT)","South Windsor town (Hartford, CT)",111
"Simsbury town (Hartford, CT)","Torrington town (Litchfield, CT)",108
"Simsbury town (Hartford, CT)","Rocky Hill town (Hartford, CT)",107
"Simsbury town (Hartford, CT)","Windsor Locks town (Hartford, CT)",105
"Simsbury town (Hartford, CT)","New Haven town (New Haven, CT)",105
"Simsbury town (Hartford, CT)","Norwalk town (Fairfield, CT)",101
"Simsbury town (Hartford, CT)","Plainville town (Hartford, CT)",90
"Simsbury town (Hartford, CT)","Middletown town (Middlesex, CT)",90
"Simsbury town (Hartford, CT)","Waterbury town (New Haven, CT)",88
"Simsbury town (Hartford, CT)","Bridgeport town (Fairfield, CT)",81
"Simsbury town (Hartford, CT)","Southington town (Hartford, CT)",80
"Simsbury town (Hartford, CT)","Meriden town (New Haven, CT)",68
"Simsbury town (Hartford, CT)","Greenwich town (Fairfield, CT)",64
"Simsbury town (Hartford, CT)","Danbury town (Fairfield, CT)",62
"Simsbury town (Hartford, CT)","Fairfield town (Fairfield, CT)",62
"Simsbury town (Hartford, CT)","Wallingford town (New Haven, CT)",58
"Simsbury town (Hartford, CT)","Wethersfield town (Hartford, CT)",56
"Simsbury town (Hartford, CT)","Westport town (Fairfield, CT)",53
"Simsbury town (Hartford, CT)","Berlin town (Hartford, CT)",52
"Simsbury town (Hartford, CT)","Mansfield town (Tolland, CT)",52
"Simsbury town (Hartford, CT)","Stratford town (Fairfield, CT)",44
"Simsbury town (Hartford, CT)","Cheshire town (New Haven, CT)",44
"Simsbury town (Hartford, CT)","East Windsor town (Hartford, CT)",40
"Simsbury town (Hartford, CT)","North Haven town (New Haven, CT)",39
"Simsbury town (Hartford, CT)","Winchester town (Litchfield, CT)",36
"Simsbury town (Hartford, CT)","New Hartford town (Litchfield, CT)",35
"Simsbury town (Hartford, CT)","Vernon town (Tolland, CT)",35
"Simsbury town (Hartford, CT)","Milford town (New Haven, CT)",30
"Simsbury town (Hartford, CT)","Cromwell town (Middlesex, CT)",28
"Simsbury town (Hartford, CT)","Shelton town (Fairfield, CT)",26
"Simsbury town (Hartford, CT)","Burlington town (Hartford, CT)",26
"Simsbury town (Hartford, CT)",All Other Locations,1076
"Somers town (Tolland, CT)","Enfield town (Hartford, CT)",550
"Somers town (Tolland, CT)","Somers town (Tolland, CT)",453
"Somers town (Tolland, CT)","Hartford town (Hartford, CT)",370
"Somers town (Tolland, CT)","Windsor town (Hartford, CT)",260
"Somers town (Tolland, CT)","Stafford town (Tolland, CT)",149
"Somers town (Tolland, CT)","East Windsor town (Hartford, CT)",133
"Somers town (Tolland, CT)","East Hartford town (Hartford, CT)",114
"Somers town (Tolland, CT)","Manchester town (Hartford, CT)",114
"Somers town (Tolland, CT)","Bloomfield town (Hartford, CT)",113
"Somers town (Tolland, CT)","Vernon town (Tolland, CT)",94
"Somers town (Tolland, CT)","Farmington town (Hartford, CT)",87
"Somers town (Tolland, CT)","Windsor Locks town (Hartford, CT)",80
"Somers town (Tolland, CT)","South Windsor town (Hartford, CT)",78
"Somers town (Tolland, CT)","Ellington town (Tolland, CT)",78
"Somers town (Tolland, CT)","Mansfield town (Tolland, CT)",59
"Somers town (Tolland, CT)","West Hartford town (Hartford, CT)",50
"Somers town (Tolland, CT)","Middletown town (Middlesex, CT)",41
"Somers town (Tolland, CT)","Suffield town (Hartford, CT)",38
"Somers town (Tolland, CT)","Tolland town (Tolland, CT)",35
"Somers town (Tolland, CT)","Simsbury town (Hartford, CT)",34
"Somers town (Tolland, CT)","New Haven town (New Haven, CT)",33
"Somers town (Tolland, CT)","Waterbury town (New Haven, CT)",32
"Somers town (Tolland, CT)","East Granby town (Hartford, CT)",29
"Somers town (Tolland, CT)","Newington town (Hartford, CT)",29
"Somers town (Tolland, CT)","Norwich town (New London, CT)",29
"Somers town (Tolland, CT)","Meriden town (New Haven, CT)",28
"Somers town (Tolland, CT)","Glastonbury town (Hartford, CT)",26
"Somers town (Tolland, CT)","Cheshire town (New Haven, CT)",26
"Somers town (Tolland, CT)","Windham town (Windham, CT)",26
"Somers town (Tolland, CT)","Berlin town (Hartford, CT)",24
"Somers town (Tolland, CT)","New Britain town (Hartford, CT)",22
"Somers town (Tolland, CT)","Rocky Hill town (Hartford, CT)",22
"Somers town (Tolland, CT)","Wethersfield town (Hartford, CT)",21
"Somers town (Tolland, CT)","Wallingford town (New Haven, CT)",21
"Somers town (Tolland, CT)","Killingly town (Windham, CT)",21
"Somers town (Tolland, CT)","Groton town (New London, CT)",20
"Somers town (Tolland, CT)","Bristol town (Hartford, CT)",18
"Somers town (Tolland, CT)","Plainville town (Hartford, CT)",18
"Somers town (Tolland, CT)","Southington town (Hartford, CT)",18
"Somers town (Tolland, CT)","Montville town (New London, CT)",17
"Somers town (Tolland, CT)","Waterford town (New London, CT)",17
"Somers town (Tolland, CT)","Granby town (Hartford, CT)",16
"Somers town (Tolland, CT)","Cromwell town (Middlesex, CT)",15
"Somers town (Tolland, CT)","Shelton town (Fairfield, CT)",14
"Somers town (Tolland, CT)","North Haven town (New Haven, CT)",14
"Somers town (Tolland, CT)","Avon town (Hartford, CT)",13
"Somers town (Tolland, CT)","Hamden town (New Haven, CT)",13
"Somers town (Tolland, CT)","Milford town (New Haven, CT)",12
"Somers town (Tolland, CT)","West Haven town (New Haven, CT)",12
"Somers town (Tolland, CT)","Willington town (Tolland, CT)",11
"Somers town (Tolland, CT)",All Other Locations,190
"South Windsor town (Hartford, CT)","Hartford town (Hartford, CT)",2521
"South Windsor town (Hartford, CT)","South Windsor town (Hartford, CT)",1665
"South Windsor town (Hartford, CT)","Manchester town (Hartford, CT)",1101
"South Windsor town (Hartford, CT)","East Hartford town (Hartford, CT)",954
"South Windsor town (Hartford, CT)","Windsor town (Hartford, CT)",616
"South Windsor town (Hartford, CT)","Vernon town (Tolland, CT)",458
"South Windsor town (Hartford, CT)","Bloomfield town (Hartford, CT)",450
"South Windsor town (Hartford, CT)","West Hartford town (Hartford, CT)",350
"South Windsor town (Hartford, CT)","Farmington town (Hartford, CT)",344
"South Windsor town (Hartford, CT)","Glastonbury town (Hartford, CT)",330
"South Windsor town (Hartford, CT)","Enfield town (Hartford, CT)",272
"South Windsor town (Hartford, CT)","East Windsor town (Hartford, CT)",227
"South Windsor town (Hartford, CT)","Rocky Hill town (Hartford, CT)",204
"South Windsor town (Hartford, CT)","Newington town (Hartford, CT)",179
"South Windsor town (Hartford, CT)","New Britain town (Hartford, CT)",177
"South Windsor town (Hartford, CT)","Simsbury town (Hartford, CT)",155
"South Windsor town (Hartford, CT)","Middletown town (Middlesex, CT)",149
"South Windsor town (Hartford, CT)","Mansfield town (Tolland, CT)",123
"South Windsor town (Hartford, CT)","Wethersfield town (Hartford, CT)",114
"South Windsor town (Hartford, CT)","Tolland town (Tolland, CT)",111
"South Windsor town (Hartford, CT)","Windsor Locks town (Hartford, CT)",107
"South Windsor town (Hartford, CT)","Berlin town (Hartford, CT)",91
"South Windsor town (Hartford, CT)","Ellington town (Tolland, CT)",87
"South Windsor town (Hartford, CT)","Bristol town (Hartford, CT)",79
"South Windsor town (Hartford, CT)","Meriden town (New Haven, CT)",67
"South Windsor town (Hartford, CT)","Plainville town (Hartford, CT)",65
"South Windsor town (Hartford, CT)","New Haven town (New Haven, CT)",64
"South Windsor town (Hartford, CT)","Wallingford town (New Haven, CT)",62
"South Windsor town (Hartford, CT)","East Granby town (Hartford, CT)",59
"South Windsor town (Hartford, CT)","Waterbury town (New Haven, CT)",58
"South Windsor town (Hartford, CT)","Avon town (Hartford, CT)",56
"South Windsor town (Hartford, CT)","Danbury town (Fairfield, CT)",52
"South Windsor town (Hartford, CT)","Stafford town (Tolland, CT)",49
"South Windsor town (Hartford, CT)","North Haven town (New Haven, CT)",44
"South Windsor town (Hartford, CT)","Granby town (Hartford, CT)",43
"South Windsor town (Hartford, CT)","Southington town (Hartford, CT)",43
"South Windsor town (Hartford, CT)","Torrington town (Litchfield, CT)",41
"South Windsor town (Hartford, CT)","Cheshire town (New Haven, CT)",41
"South Windsor town (Hartford, CT)","Trumbull town (Fairfield, CT)",36
"South Windsor town (Hartford, CT)","Cromwell town (Middlesex, CT)",36
"South Windsor town (Hartford, CT)","Shelton town (Fairfield, CT)",34
"South Windsor town (Hartford, CT)","Milford town (New Haven, CT)",31
"South Windsor town (Hartford, CT)","Willington town (Tolland, CT)",30
"South Windsor town (Hartford, CT)","Norwich town (New London, CT)",29
"South Windsor town (Hartford, CT)","Bolton town (Tolland, CT)",29
"South Windsor town (Hartford, CT)","Windham town (Windham, CT)",29
"South Windsor town (Hartford, CT)","Hamden town (New Haven, CT)",28
"South Windsor town (Hartford, CT)","New London town (New London, CT)",24
"South Windsor town (Hartford, CT)","Hebron town (Tolland, CT)",23
"South Windsor town (Hartford, CT)","Waterford town (New London, CT)",22
"South Windsor town (Hartford, CT)",All Other Locations,480
"Suffield town (Hartford, CT)","Hartford town (Hartford, CT)",757
"Suffield town (Hartford, CT)","Suffield town (Hartford, CT)",616
"Suffield town (Hartford, CT)","Windsor town (Hartford, CT)",553
"Suffield town (Hartford, CT)","Enfield town (Hartford, CT)",525
"Suffield town (Hartford, CT)","Windsor Locks town (Hartford, CT)",349
"Suffield town (Hartford, CT)","Bloomfield town (Hartford, CT)",234
"Suffield town (Hartford, CT)","East Hartford town (Hartford, CT)",155
"Suffield town (Hartford, CT)","Farmington town (Hartford, CT)",146
"Suffield town (Hartford, CT)","West Hartford town (Hartford, CT)",142
"Suffield town (Hartford, CT)","East Windsor town (Hartford, CT)",140
"Suffield town (Hartford, CT)","Simsbury town (Hartford, CT)",140
"Suffield town (Hartford, CT)","East Granby town (Hartford, CT)",122
"Suffield town (Hartford, CT)","South Windsor town (Hartford, CT)",118
"Suffield town (Hartford, CT)","Manchester town (Hartford, CT)",113
"Suffield town (Hartford, CT)","Glastonbury town (Hartford, CT)",71
"Suffield town (Hartford, CT)","New Britain town (Hartford, CT)",61
"Suffield town (Hartford, CT)","Granby town (Hartford, CT)",58
"Suffield town (Hartford, CT)","Waterbury town (New Haven, CT)",55
"Suffield town (Hartford, CT)","Newington town (Hartford, CT)",54
"Suffield town (Hartford, CT)","Avon town (Hartford, CT)",47
"Suffield town (Hartford, CT)","Meriden town (New Haven, CT)",47
"Suffield town (Hartford, CT)","Middletown town (Middlesex, CT)",46
"Suffield town (Hartford, CT)","Wallingford town (New Haven, CT)",44
"Suffield town (Hartford, CT)","Vernon town (Tolland, CT)",42
"Suffield town (Hartford, CT)","Bristol town (Hartford, CT)",41
"Suffield town (Hartford, CT)","Somers town (Tolland, CT)",40
"Suffield town (Hartford, CT)","Stafford town (Tolland, CT)",35
"Suffield town (Hartford, CT)","Rocky Hill town (Hartford, CT)",34
"Suffield town (Hartford, CT)","New Haven town (New Haven, CT)",34
"Suffield town (Hartford, CT)","Mansfield town (Tolland, CT)",34
"Suffield town (Hartford, CT)","Wethersfield town (Hartford, CT)",32
"Suffield town (Hartford, CT)","Danbury town (Fairfield, CT)",26
"Suffield town (Hartford, CT)","Southington town (Hartford, CT)",24
"Suffield town (Hartford, CT)","Milford town (New Haven, CT)",23
"Suffield town (Hartford, CT)","North Haven town (New Haven, CT)",22
"Suffield town (Hartford, CT)","Windham town (Windham, CT)",21
"Suffield town (Hartford, CT)","Torrington town (Litchfield, CT)",20
"Suffield town (Hartford, CT)","Hamden town (New Haven, CT)",20
"Suffield town (Hartford, CT)","Berlin town (Hartford, CT)",19
"Suffield town (Hartford, CT)","Shelton town (Fairfield, CT)",17
"Suffield town (Hartford, CT)","Canton town (Hartford, CT)",17
"Suffield town (Hartford, CT)","Cheshire town (New Haven, CT)",17
"Suffield town (Hartford, CT)","Plainville town (Hartford, CT)",16
"Suffield town (Hartford, CT)","Waterford town (New London, CT)",16
"Suffield town (Hartford, CT)","Stratford town (Fairfield, CT)",14
"Suffield town (Hartford, CT)","Orange town (New Haven, CT)",14
"Suffield town (Hartford, CT)","New London town (New London, CT)",14
"Suffield town (Hartford, CT)","Watertown town (Litchfield, CT)",13
"Suffield town (Hartford, CT)","Norwich town (New London, CT)",12
"Suffield town (Hartford, CT)","New Hartford town (Litchfield, CT)",11
"Suffield town (Hartford, CT)",All Other Locations,303
"Tolland town (Tolland, CT)","Hartford town (Hartford, CT)",1116
"Tolland town (Tolland, CT)","Tolland town (Tolland, CT)",741
"Tolland town (Tolland, CT)","Manchester town (Hartford, CT)",562
"Tolland town (Tolland, CT)","Vernon town (Tolland, CT)",516
"Tolland town (Tolland, CT)","East Hartford town (Hartford, CT)",496
"Tolland town (Tolland, CT)","Mansfield town (Tolland, CT)",327
"Tolland town (Tolland, CT)","Windsor town (Hartford, CT)",238
"Tolland town (Tolland, CT)","South Windsor town (Hartford, CT)",212
"Tolland town (Tolland, CT)","Stafford town (Tolland, CT)",172
"Tolland town (Tolland, CT)","Enfield town (Hartford, CT)",160
"Tolland town (Tolland, CT)","Bloomfield town (Hartford, CT)",155
"Tolland town (Tolland, CT)","Farmington town (Hartford, CT)",152
"Tolland town (Tolland, CT)","Glastonbury town (Hartford, CT)",144
"Tolland town (Tolland, CT)","Ellington town (Tolland, CT)",138
"Tolland town (Tolland, CT)","West Hartford town (Hartford, CT)",124
"Tolland town (Tolland, CT)","Middletown town (Middlesex, CT)",109
"Tolland town (Tolland, CT)","Willington town (Tolland, CT)",101
"Tolland town (Tolland, CT)","Windham town (Windham, CT)",99
"Tolland town (Tolland, CT)","East Windsor town (Hartford, CT)",91
"Tolland town (Tolland, CT)","Rocky Hill town (Hartford, CT)",78
"Tolland town (Tolland, CT)","Newington town (Hartford, CT)",77
"Tolland town (Tolland, CT)","Windsor Locks town (Hartford, CT)",65
"Tolland town (Tolland, CT)","Simsbury town (Hartford, CT)",59
"Tolland town (Tolland, CT)","Wethersfield town (Hartford, CT)",56
"Tolland town (Tolland, CT)","Berlin town (Hartford, CT)",46
"Tolland town (Tolland, CT)","New Haven town (New Haven, CT)",46
"Tolland town (Tolland, CT)","New Britain town (Hartford, CT)",42
"Tolland town (Tolland, CT)","Norwich town (New London, CT)",42
"Tolland town (Tolland, CT)","Meriden town (New Haven, CT)",40
"Tolland town (Tolland, CT)","Coventry town (Tolland, CT)",39
"Tolland town (Tolland, CT)","Wallingford town (New Haven, CT)",37
"Tolland town (Tolland, CT)","Bolton town (Tolland, CT)",37
"Tolland town (Tolland, CT)","Waterbury town (New Haven, CT)",36
"Tolland town (Tolland, CT)","Avon town (Hartford, CT)",33
"Tolland town (Tolland, CT)","Bristol town (Hartford, CT)",30
"Tolland town (Tolland, CT)","Montville town (New London, CT)",26
"Tolland town (Tolland, CT)","Killingly town (Windham, CT)",25
"Tolland town (Tolland, CT)","Putnam town (Windham, CT)",25
"Tolland town (Tolland, CT)","Plainville town (Hartford, CT)",23
"Tolland town (Tolland, CT)","Waterford town (New London, CT)",23
"Tolland town (Tolland, CT)","Somers town (Tolland, CT)",23
"Tolland town (Tolland, CT)","Suffield town (Hartford, CT)",21
"Tolland town (Tolland, CT)","Cheshire town (New Haven, CT)",20
"Tolland town (Tolland, CT)","Hamden town (New Haven, CT)",20
"Tolland town (Tolland, CT)","East Granby town (Hartford, CT)",19
"Tolland town (Tolland, CT)","Cromwell town (Middlesex, CT)",17
"Tolland town (Tolland, CT)","Milford town (New Haven, CT)",17
"Tolland town (Tolland, CT)","Colchester town (New London, CT)",17
"Tolland town (Tolland, CT)","Southington town (Hartford, CT)",16
"Tolland town (Tolland, CT)","Groton town (New London, CT)",16
"Tolland town (Tolland, CT)",All Other Locations,305
"Vernon town (Tolland, CT)","Vernon town (Tolland, CT)",2029
"Vernon town (Tolland, CT)","Hartford town (Hartford, CT)",1948
"Vernon town (Tolland, CT)","Manchester town (Hartford, CT)",1570
"Vernon town (Tolland, CT)","East Hartford town (Hartford, CT)",979
"Vernon town (Tolland, CT)","South Windsor town (Hartford, CT)",618
"Vernon town (Tolland, CT)","Windsor town (Hartford, CT)",487
"Vernon town (Tolland, CT)","Farmington town (Hartford, CT)",362
"Vernon town (Tolland, CT)","Glastonbury town (Hartford, CT)",361
"Vernon town (Tolland, CT)","Tolland town (Tolland, CT)",353
"Vernon town (Tolland, CT)","Enfield town (Hartford, CT)",329
"Vernon town (Tolland, CT)","Ellington town (Tolland, CT)",327
"Vernon town (Tolland, CT)","West Hartford town (Hartford, CT)",304
"Vernon town (Tolland, CT)","Mansfield town (Tolland, CT)",291
"Vernon town (Tolland, CT)","Bloomfield town (Hartford, CT)",246
"Vernon town (Tolland, CT)","Middletown town (Middlesex, CT)",224
"Vernon town (Tolland, CT)","East Windsor town (Hartford, CT)",222
"Vernon town (Tolland, CT)","Newington town (Hartford, CT)",206
"Vernon town (Tolland, CT)","Rocky Hill town (Hartford, CT)",195
"Vernon town (Tolland, CT)","Stamford town (Fairfield, CT)",170
"Vernon town (Tolland, CT)","Stafford town (Tolland, CT)",156
"Vernon town (Tolland, CT)","Windham town (Windham, CT)",145
"Vernon town (Tolland, CT)","Windsor Locks town (Hartford, CT)",137
"Vernon town (Tolland, CT)","Norwalk town (Fairfield, CT)",134
"Vernon town (Tolland, CT)","Danbury town (Fairfield, CT)",127
"Vernon town (Tolland, CT)","Manhattan borough (New York, NY)",126
"Vernon town (Tolland, CT)","Bridgeport town (Fairfield, CT)",125
"Vernon town (Tolland, CT)","New Britain town (Hartford, CT)",125
"Vernon town (Tolland, CT)","Wethersfield town (Hartford, CT)",121
"Vernon town (Tolland, CT)","Simsbury town (Hartford, CT)",117
"Vernon town (Tolland, CT)","Berlin town (Hartford, CT)",99
"Vernon town (Tolland, CT)","Bolton town (Tolland, CT)",97
"Vernon town (Tolland, CT)","Trumbull town (Fairfield, CT)",84
"Vernon town (Tolland, CT)","New Haven town (New Haven, CT)",84
"Vernon town (Tolland, CT)","Willington town (Tolland, CT)",82
"Vernon town (Tolland, CT)","Avon town (Hartford, CT)",79
"Vernon town (Tolland, CT)","Waterbury town (New Haven, CT)",75
"Vernon town (Tolland, CT)","Norwich town (New London, CT)",73
"Vernon town (Tolland, CT)","Wallingford town (New Haven, CT)",68
"Vernon town (Tolland, CT)","Milford town (New Haven, CT)",67
"Vernon town (Tolland, CT)","Cromwell town (Middlesex, CT)",62
"Vernon town (Tolland, CT)","Fairfield town (Fairfield, CT)",57
"Vernon town (Tolland, CT)","Westport town (Fairfield, CT)",53
"Vernon town (Tolland, CT)","Bristol town (Hartford, CT)",53
"Vernon town (Tolland, CT)","Meriden town (New Haven, CT)",53
"Vernon town (Tolland, CT)","Killingly town (Windham, CT)",52
"Vernon town (Tolland, CT)","Stratford town (Fairfield, CT)",49
"Vernon town (Tolland, CT)","Groton town (New London, CT)",49
"Vernon town (Tolland, CT)","Coventry town (Tolland, CT)",48
"Vernon town (Tolland, CT)","Waterford town (New London, CT)",46
"Vernon town (Tolland, CT)","Greenwich town (Fairfield, CT)",43
"Vernon town (Tolland, CT)",All Other Locations,1836
"West Hartford town (Hartford, CT)","Hartford town (Hartford, CT)",7687
"West Hartford town (Hartford, CT)","West Hartford town (Hartford, CT)",4789
"West Hartford town (Hartford, CT)","Farmington town (Hartford, CT)",1846
"West Hartford town (Hartford, CT)","East Hartford town (Hartford, CT)",1038
"West Hartford town (Hartford, CT)","New Britain town (Hartford, CT)",925
"West Hartford town (Hartford, CT)","Bloomfield town (Hartford, CT)",905
"West Hartford town (Hartford, CT)","Windsor town (Hartford, CT)",783
"West Hartford town (Hartford, CT)","Bristol town (Hartford, CT)",635
"West Hartford town (Hartford, CT)","Manchester town (Hartford, CT)",609
"West Hartford town (Hartford, CT)","Newington town (Hartford, CT)",531
"West Hartford town (Hartford, CT)","Glastonbury town (Hartford, CT)",475
"West Hartford town (Hartford, CT)","Simsbury town (Hartford, CT)",463
"West Hartford town (Hartford, CT)","Avon town (Hartford, CT)",414
"West Hartford town (Hartford, CT)","Middletown town (Middlesex, CT)",412
"West Hartford town (Hartford, CT)","Rocky Hill town (Hartford, CT)",400
"West Hartford town (Hartford, CT)","Wethersfield town (Hartford, CT)",306
"West Hartford town (Hartford, CT)","Enfield town (Hartford, CT)",298
"West Hartford town (Hartford, CT)","Southington town (Hartford, CT)",246
"West Hartford town (Hartford, CT)","New Haven town (New Haven, CT)",244
"West Hartford town (Hartford, CT)","Berlin town (Hartford, CT)",221
"West Hartford town (Hartford, CT)","Plainville town (Hartford, CT)",218
"West Hartford town (Hartford, CT)","South Windsor town (Hartford, CT)",217
"West Hartford town (Hartford, CT)","Waterbury town (New Haven, CT)",217
"West Hartford town (Hartford, CT)","Stamford town (Fairfield, CT)",178
"West Hartford town (Hartford, CT)","Cheshire town (New Haven, CT)",178
"West Hartford town (Hartford, CT)","Meriden town (New Haven, CT)",169
"West Hartford town (Hartford, CT)","Wallingford town (New Haven, CT)",159
"West Hartford town (Hartford, CT)","Manhattan borough (New York, NY)",152
"West Hartford town (Hartford, CT)","Mansfield town (Tolland, CT)",148
"West Hartford town (Hartford, CT)","Danbury town (Fairfield, CT)",142
"West Hartford town (Hartford, CT)","Vernon town (Tolland, CT)",141
"West Hartford town (Hartford, CT)","East Windsor town (Hartford, CT)",126
"West Hartford town (Hartford, CT)","Windsor Locks town (Hartford, CT)",124
"West Hartford town (Hartford, CT)","Norwalk town (Fairfield, CT)",116
"West Hartford town (Hartford, CT)","Torrington town (Litchfield, CT)",115
"West Hartford town (Hartford, CT)","Cromwell town (Middlesex, CT)",107
"West Hartford town (Hartford, CT)","Hamden town (New Haven, CT)",98
"West Hartford town (Hartford, CT)","Shelton town (Fairfield, CT)",96
"West Hartford town (Hartford, CT)","Milford town (New Haven, CT)",90
"West Hartford town (Hartford, CT)","Canton town (Hartford, CT)",89
"West Hartford town (Hartford, CT)","North Haven town (New Haven, CT)",88
"West Hartford town (Hartford, CT)","Bridgeport town (Fairfield, CT)",83
"West Hartford town (Hartford, CT)","Westport town (Fairfield, CT)",76
"West Hartford town (Hartford, CT)","East Granby town (Hartford, CT)",70
"West Hartford town (Hartford, CT)","Trumbull town (Fairfield, CT)",65
"West Hartford town (Hartford, CT)","Granby town (Hartford, CT)",65
"West Hartford town (Hartford, CT)","Stratford town (Fairfield, CT)",64
"West Hartford town (Hartford, CT)","Greenwich town (Fairfield, CT)",61
"West Hartford town (Hartford, CT)","Fairfield town (Fairfield, CT)",60
"West Hartford town (Hartford, CT)","Suffield town (Hartford, CT)",46
"West Hartford town (Hartford, CT)",All Other Locations,1872
"Wethersfield town (Hartford, CT)","Hartford town (Hartford, CT)",3463
"Wethersfield town (Hartford, CT)","Wethersfield town (Hartford, CT)",945
"Wethersfield town (Hartford, CT)","Rocky Hill town (Hartford, CT)",693
"Wethersfield town (Hartford, CT)","Newington town (Hartford, CT)",628
"Wethersfield town (Hartford, CT)","West Hartford town (Hartford, CT)",551
"Wethersfield town (Hartford, CT)","East Hartford town (Hartford, CT)",530
"Wethersfield town (Hartford, CT)","Farmington town (Hartford, CT)",477
"Wethersfield town (Hartford, CT)","Glastonbury town (Hartford, CT)",439
"Wethersfield town (Hartford, CT)","New Britain town (Hartford, CT)",414
"Wethersfield town (Hartford, CT)","Manchester town (Hartford, CT)",332
"Wethersfield town (Hartford, CT)","Middletown town (Middlesex, CT)",331
"Wethersfield town (Hartford, CT)","Windsor town (Hartford, CT)",318
"Wethersfield town (Hartford, CT)","Bloomfield town (Hartford, CT)",273
"Wethersfield town (Hartford, CT)","Berlin town (Hartford, CT)",245
"Wethersfield town (Hartford, CT)","Meriden town (New Haven, CT)",189
"Wethersfield town (Hartford, CT)","New Haven town (New Haven, CT)",180
"Wethersfield town (Hartford, CT)","Bristol town (Hartford, CT)",179
"Wethersfield town (Hartford, CT)","South Windsor town (Hartford, CT)",167
"Wethersfield town (Hartford, CT)","Wallingford town (New Haven, CT)",159
"Wethersfield town (Hartford, CT)","Plainville town (Hartford, CT)",133
"Wethersfield town (Hartford, CT)","Enfield town (Hartford, CT)",126
"Wethersfield town (Hartford, CT)","Simsbury town (Hartford, CT)",106
"Wethersfield town (Hartford, CT)","Waterbury town (New Haven, CT)",105
"Wethersfield town (Hartford, CT)","Southington town (Hartford, CT)",93
"Wethersfield town (Hartford, CT)","Vernon town (Tolland, CT)",89
"Wethersfield town (Hartford, CT)","Cromwell town (Middlesex, CT)",88
"Wethersfield town (Hartford, CT)","Avon town (Hartford, CT)",87
"Wethersfield town (Hartford, CT)","Windsor Locks town (Hartford, CT)",75
"Wethersfield town (Hartford, CT)","Cheshire town (New Haven, CT)",68
"Wethersfield town (Hartford, CT)","Mansfield town (Tolland, CT)",65
"Wethersfield town (Hartford, CT)","East Windsor town (Hartford, CT)",63
"Wethersfield town (Hartford, CT)","North Haven town (New Haven, CT)",56
"Wethersfield town (Hartford, CT)","Hamden town (New Haven, CT)",55
"Wethersfield town (Hartford, CT)","Norwich town (New London, CT)",48
"Wethersfield town (Hartford, CT)","Windham town (Windham, CT)",43
"Wethersfield town (Hartford, CT)","Waterford town (New London, CT)",40
"Wethersfield town (Hartford, CT)","Shelton town (Fairfield, CT)",38
"Wethersfield town (Hartford, CT)","Orange town (New Haven, CT)",38
"Wethersfield town (Hartford, CT)","Torrington town (Litchfield, CT)",33
"Wethersfield town (Hartford, CT)","Groton town (New London, CT)",33
"Wethersfield town (Hartford, CT)","Milford town (New Haven, CT)",31
"Wethersfield town (Hartford, CT)","Colchester town (New London, CT)",30
"Wethersfield town (Hartford, CT)","Tolland town (Tolland, CT)",29
"Wethersfield town (Hartford, CT)","East Granby town (Hartford, CT)",26
"Wethersfield town (Hartford, CT)","New London town (New London, CT)",26
"Wethersfield town (Hartford, CT)","Branford town (New Haven, CT)",24
"Wethersfield town (Hartford, CT)","Canton town (Hartford, CT)",22
"Wethersfield town (Hartford, CT)","Stratford town (Fairfield, CT)",20
"Wethersfield town (Hartford, CT)","Portland town (Middlesex, CT)",20
"Wethersfield town (Hartford, CT)","Suffield town (Hartford, CT)",18
"Wethersfield town (Hartford, CT)",All Other Locations,537
"Windsor town (Hartford, CT)","Hartford town (Hartford, CT)",3613
"Windsor town (Hartford, CT)","Windsor town (Hartford, CT)",2115
"Windsor town (Hartford, CT)","Bloomfield town (Hartford, CT)",887
"Windsor town (Hartford, CT)","West Hartford town (Hartford, CT)",707
"Windsor town (Hartford, CT)","East Hartford town (Hartford, CT)",703
"Windsor town (Hartford, CT)","Farmington town (Hartford, CT)",546
"Windsor town (Hartford, CT)","Manchester town (Hartford, CT)",499
"Windsor town (Hartford, CT)","Windsor Locks town (Hartford, CT)",437
"Windsor town (Hartford, CT)","Enfield town (Hartford, CT)",324
"Windsor town (Hartford, CT)","East Windsor town (Hartford, CT)",315
"Windsor town (Hartford, CT)","New Britain town (Hartford, CT)",305
"Windsor town (Hartford, CT)","South Windsor town (Hartford, CT)",289
"Windsor town (Hartford, CT)","Newington town (Hartford, CT)",233
"Windsor town (Hartford, CT)","Stamford town (Fairfield, CT)",227
"Windsor town (Hartford, CT)","Simsbury town (Hartford, CT)",225
"Windsor town (Hartford, CT)","Glastonbury town (Hartford, CT)",205
"Windsor town (Hartford, CT)","Rocky Hill town (Hartford, CT)",173
"Windsor town (Hartford, CT)","Middletown town (Middlesex, CT)",166
"Windsor town (Hartford, CT)","Manhattan borough (New York, NY)",153
"Windsor town (Hartford, CT)","Wethersfield town (Hartford, CT)",152
"Windsor town (Hartford, CT)","Vernon town (Tolland, CT)",140
"Windsor town (Hartford, CT)","Norwalk town (Fairfield, CT)",138
"Windsor town (Hartford, CT)","Berlin town (Hartford, CT)",138
"Windsor town (Hartford, CT)","Bridgeport town (Fairfield, CT)",133
"Windsor town (Hartford, CT)","Avon town (Hartford, CT)",119
"Windsor town (Hartford, CT)","East Granby town (Hartford, CT)",117
"Windsor town (Hartford, CT)","New Haven town (New Haven, CT)",94
"Windsor town (Hartford, CT)","Granby town (Hartford, CT)",90
"Windsor town (Hartford, CT)","Westport town (Fairfield, CT)",86
"Windsor town (Hartford, CT)","Fairfield town (Fairfield, CT)",84
"Windsor town (Hartford, CT)","Greenwich town (Fairfield, CT)",84
"Windsor town (Hartford, CT)","Plainville town (Hartford, CT)",81
"Windsor town (Hartford, CT)","Wallingford town (New Haven, CT)",77
"Windsor town (Hartford, CT)","Meriden town (New Haven, CT)",76
"Windsor town (Hartford, CT)","Cromwell town (Middlesex, CT)",75
"Windsor town (Hartford, CT)","Mansfield town (Tolland, CT)",74
"Windsor town (Hartford, CT)","Waterbury town (New Haven, CT)",73
"Windsor town (Hartford, CT)","Bristol town (Hartford, CT)",69
"Windsor town (Hartford, CT)","Stratford town (Fairfield, CT)",67
"Windsor town (Hartford, CT)","Suffield town (Hartford, CT)",63
"Windsor town (Hartford, CT)","Danbury town (Fairfield, CT)",59
"Windsor town (Hartford, CT)","Shelton town (Fairfield, CT)",54
"Windsor town (Hartford, CT)","Torrington town (Litchfield, CT)",54
"Windsor town (Hartford, CT)","North Haven town (New Haven, CT)",54
"Windsor town (Hartford, CT)","Tolland town (Tolland, CT)",46
"Windsor town (Hartford, CT)","Milford town (New Haven, CT)",44
"Windsor town (Hartford, CT)","Cheshire town (New Haven, CT)",43
"Windsor town (Hartford, CT)","Windham town (Windham, CT)",40
"Windsor town (Hartford, CT)","Southington town (Hartford, CT)",38
"Windsor town (Hartford, CT)","Norwich town (New London, CT)",32
"Windsor town (Hartford, CT)",All Other Locations,1428
"Windsor Locks town (Hartford, CT)","Windsor Locks town (Hartford, CT)",1006
"Windsor Locks town (Hartford, CT)","Hartford town (Hartford, CT)",811
"Windsor Locks town (Hartford, CT)","Windsor town (Hartford, CT)",762
"Windsor Locks town (Hartford, CT)","Enfield town (Hartford, CT)",399
"Windsor Locks town (Hartford, CT)","East Windsor town (Hartford, CT)",387
"Windsor Locks town (Hartford, CT)","Bloomfield town (Hartford, CT)",304
"Windsor Locks town (Hartford, CT)","East Hartford town (Hartford, CT)",247
"Windsor Locks town (Hartford, CT)","South Windsor town (Hartford, CT)",204
"Windsor Locks town (Hartford, CT)","Manchester town (Hartford, CT)",192
"Windsor Locks town (Hartford, CT)","Farmington town (Hartford, CT)",180
"Windsor Locks town (Hartford, CT)","West Hartford town (Hartford, CT)",153
"Windsor Locks town (Hartford, CT)","East Granby town (Hartford, CT)",150
"Windsor Locks town (Hartford, CT)","Suffield town (Hartford, CT)",139
"Windsor Locks town (Hartford, CT)","Stamford town (Fairfield, CT)",117
"Windsor Locks town (Hartford, CT)","Simsbury town (Hartford, CT)",92
"Windsor Locks town (Hartford, CT)","Glastonbury town (Hartford, CT)",89
"Windsor Locks town (Hartford, CT)","Newington town (Hartford, CT)",86
"Windsor Locks town (Hartford, CT)","Vernon town (Tolland, CT)",85
"Windsor Locks town (Hartford, CT)","New Britain town (Hartford, CT)",68
"Windsor Locks town (Hartford, CT)","Norwalk town (Fairfield, CT)",67
"Windsor Locks town (Hartford, CT)","Rocky Hill town (Hartford, CT)",65
"Windsor Locks town (Hartford, CT)","Manhattan borough (New York, NY)",61
"Windsor Locks town (Hartford, CT)","Avon town (Hartford, CT)",54
"Windsor Locks town (Hartford, CT)","Middletown town (Middlesex, CT)",51
"Windsor Locks town (Hartford, CT)","Fairfield town (Fairfield, CT)",44
"Windsor Locks town (Hartford, CT)","Bridgeport town (Fairfield, CT)",43
"Windsor Locks town (Hartford, CT)","New Haven town (New Haven, CT)",41
"Windsor Locks town (Hartford, CT)","Meriden town (New Haven, CT)",40
"Windsor Locks town (Hartford, CT)","Wethersfield town (Hartford, CT)",38
"Windsor Locks town (Hartford, CT)","Bristol town (Hartford, CT)",37
"Windsor Locks town (Hartford, CT)","Greenwich town (Fairfield, CT)",34
"Windsor Locks town (Hartford, CT)","Westport town (Fairfield, CT)",34
"Windsor Locks town (Hartford, CT)","Granby town (Hartford, CT)",34
"Windsor Locks town (Hartford, CT)","Berlin town (Hartford, CT)",33
"Windsor Locks town (Hartford, CT)","Danbury town (Fairfield, CT)",32
"Windsor Locks town (Hartford, CT)","Waterbury town (New Haven, CT)",32
"Windsor Locks town (Hartford, CT)","Wallingford town (New Haven, CT)",31
"Windsor Locks town (Hartford, CT)","Plainville town (Hartford, CT)",28
"Windsor Locks town (Hartford, CT)","Southington town (Hartford, CT)",24
"Windsor Locks town (Hartford, CT)","Cromwell town (Middlesex, CT)",23
"Windsor Locks town (Hartford, CT)","Mansfield town (Tolland, CT)",23
"Windsor Locks town (Hartford, CT)","Canton town (Hartford, CT)",22
"Windsor Locks town (Hartford, CT)","Torrington town (Litchfield, CT)",22
"Windsor Locks town (Hartford, CT)","Ellington town (Tolland, CT)",20
"Windsor Locks town (Hartford, CT)","North Haven town (New Haven, CT)",19
"Windsor Locks town (Hartford, CT)","Stafford town (Tolland, CT)",19
"Windsor Locks town (Hartford, CT)","Stratford town (Fairfield, CT)",18
"Windsor Locks town (Hartford, CT)","Somers town (Tolland, CT)",17
"Windsor Locks town (Hartford, CT)","Milford town (New Haven, CT)",16
"Windsor Locks town (Hartford, CT)","Shelton town (Fairfield, CT)",15
"Windsor Locks town (Hartford, CT)",All Other Locations,630
